date,channelGrouping,deviceCategory,sessions,bounceRate
2017-03-01,Direct,desktop,45,33.33333333333333
2017-03-01,Direct,mobile,32,71.875
2017-03-01,Direct,tablet,6,33.33333333333333
2017-03-01,Organic Search,desktop,150,47.333333333333336
2017-03-01,Organic Search,mobile,44,65.9090909090909
2017-03-01,Organic Search,tablet,3,66.66666666666666
2017-03-02,Direct,desktop,49,42.857142857142854
2017-03-02,Direct,mobile,35,74.28571428571429
2017-03-02,Direct,tablet,3,100
2017-03-02,Organic Search,desktop,144,45.83333333333333
2017-03-02,Organic Search,mobile,21,47.61904761904761
2017-03-02,Organic Search,tablet,3,33.33333333333333
2017-03-03,Direct,desktop,36,47.22222222222222
2017-03-03,Direct,mobile,26,80.76923076923077
2017-03-03,Direct,tablet,4,50
2017-03-03,Organic Search,desktop,119,35.294117647058826
2017-03-03,Organic Search,mobile,30,66.66666666666666
2017-03-03,Organic Search,tablet,14,57.14285714285714
2017-03-04,Direct,desktop,18,50
2017-03-04,Direct,mobile,28,82.14285714285714
2017-03-04,Direct,tablet,2,50
2017-03-04,Organic Search,desktop,55,40
2017-03-04,Organic Search,mobile,27,51.85185185185185
2017-03-04,Organic Search,tablet,5,20
2017-03-05,Direct,desktop,12,50
2017-03-05,Direct,mobile,32,93.75
2017-03-05,Direct,tablet,4,25
2017-03-05,Organic Search,desktop,47,48.93617021276596
2017-03-05,Organic Search,mobile,20,55.00000000000001
2017-03-05,Organic Search,tablet,4,0
2017-03-06,Direct,desktop,51,37.254901960784316
2017-03-06,Direct,mobile,45,88.88888888888889
2017-03-06,Direct,tablet,3,100
2017-03-06,Organic Search,desktop,132,48.484848484848484
2017-03-06,Organic Search,mobile,31,45.16129032258064
2017-03-06,Organic Search,tablet,7,57.14285714285714
2017-03-07,Direct,desktop,40,50
2017-03-07,Direct,mobile,55,65.45454545454545
2017-03-07,Direct,tablet,5,80
2017-03-07,Organic Search,desktop,125,44
2017-03-07,Organic Search,mobile,30,56.666666666666664
2017-03-07,Organic Search,tablet,6,33.33333333333333
2017-03-08,Direct,desktop,54,42.592592592592595
2017-03-08,Direct,mobile,47,70.2127659574468
2017-03-08,Direct,tablet,5,60
2017-03-08,Organic Search,desktop,128,42.1875
2017-03-08,Organic Search,mobile,32,46.875
2017-03-08,Organic Search,tablet,6,83.33333333333334
2017-03-09,Direct,desktop,71,30.985915492957744
2017-03-09,Direct,mobile,52,67.3076923076923
2017-03-09,Direct,tablet,1,0
2017-03-09,Organic Search,desktop,138,40.57971014492754
2017-03-09,Organic Search,mobile,40,50
2017-03-09,Organic Search,tablet,2,0
2017-03-10,Direct,desktop,53,50.943396226415096
2017-03-10,Direct,mobile,24,62.5
2017-03-10,Direct,tablet,5,60
2017-03-10,Organic Search,desktop,142,45.774647887323944
2017-03-10,Organic Search,mobile,40,57.49999999999999
2017-03-10,Organic Search,tablet,8,50
2017-03-11,Direct,desktop,17,17.647058823529413
2017-03-11,Direct,mobile,30,86.66666666666667
2017-03-11,Direct,tablet,6,83.33333333333334
2017-03-11,Organic Search,desktop,48,35.41666666666667
2017-03-11,Organic Search,mobile,37,54.054054054054056
2017-03-11,Organic Search,tablet,1,100
2017-03-12,Direct,desktop,20,50
2017-03-12,Direct,mobile,33,75.75757575757575
2017-03-12,Direct,tablet,3,33.33333333333333
2017-03-12,Organic Search,desktop,62,41.935483870967744
2017-03-12,Organic Search,mobile,35,37.142857142857146
2017-03-12,Organic Search,tablet,8,25
2017-03-13,Direct,desktop,56,46.42857142857143
2017-03-13,Direct,mobile,36,72.22222222222221
2017-03-13,Direct,tablet,7,57.14285714285714
2017-03-13,Organic Search,desktop,156,38.46153846153847
2017-03-13,Organic Search,mobile,37,56.75675675675676
2017-03-13,Organic Search,tablet,7,28.57142857142857
2017-03-14,Direct,desktop,70,52.85714285714286
2017-03-14,Direct,mobile,44,65.9090909090909
2017-03-14,Direct,tablet,4,25
2017-03-14,Organic Search,desktop,176,39.20454545454545
2017-03-14,Organic Search,mobile,49,57.14285714285714
2017-03-14,Organic Search,tablet,7,28.57142857142857
2017-03-15,Direct,desktop,70,50
2017-03-15,Direct,mobile,38,76.31578947368422
2017-03-15,Direct,tablet,3,66.66666666666666
2017-03-15,Organic Search,desktop,143,46.15384615384615
2017-03-15,Organic Search,mobile,41,51.21951219512195
2017-03-15,Organic Search,tablet,2,100
2017-03-16,Direct,desktop,61,36.0655737704918
2017-03-16,Direct,mobile,31,74.19354838709677
2017-03-16,Direct,tablet,2,100
2017-03-16,Organic Search,desktop,138,46.3768115942029
2017-03-16,Organic Search,mobile,24,58.333333333333336
2017-03-16,Organic Search,tablet,8,50
2017-03-17,Direct,desktop,49,51.02040816326531
2017-03-17,Direct,mobile,26,76.92307692307693
2017-03-17,Direct,tablet,4,0
2017-03-17,Organic Search,desktop,106,32.075471698113205
2017-03-17,Organic Search,mobile,39,43.58974358974359
2017-03-17,Organic Search,tablet,4,75
2017-03-18,Direct,desktop,25,52
2017-03-18,Direct,mobile,18,72.22222222222221
2017-03-18,Direct,tablet,4,75
2017-03-18,Organic Search,desktop,38,42.10526315789473
2017-03-18,Organic Search,mobile,38,68.42105263157895
2017-03-18,Organic Search,tablet,4,25
2017-03-19,Direct,desktop,8,25
2017-03-19,Direct,mobile,13,38.46153846153847
2017-03-19,Direct,tablet,2,50
2017-03-19,Organic Search,desktop,36,36.11111111111111
2017-03-19,Organic Search,mobile,32,59.375
2017-03-20,Direct,desktop,49,57.14285714285714
2017-03-20,Direct,mobile,26,84.61538461538461
2017-03-20,Direct,tablet,7,85.71428571428571
2017-03-20,Organic Search,desktop,90,38.88888888888889
2017-03-20,Organic Search,mobile,24,41.66666666666667
2017-03-20,Organic Search,tablet,6,50
2017-03-21,Direct,desktop,64,43.75
2017-03-21,Direct,mobile,30,73.33333333333333
2017-03-21,Direct,tablet,7,57.14285714285714
2017-03-21,Organic Search,desktop,132,40.909090909090914
2017-03-21,Organic Search,mobile,49,57.14285714285714
2017-03-21,Organic Search,tablet,8,62.5
2017-03-22,Direct,desktop,56,39.285714285714285
2017-03-22,Direct,mobile,33,78.78787878787878
2017-03-22,Direct,tablet,4,75
2017-03-22,Organic Search,desktop,146,43.15068493150685
2017-03-22,Organic Search,mobile,35,60
2017-03-22,Organic Search,tablet,10,30
2017-03-23,Direct,desktop,67,32.83582089552239
2017-03-23,Direct,mobile,17,58.82352941176471
2017-03-23,Direct,tablet,2,50
2017-03-23,Organic Search,desktop,154,44.15584415584416
2017-03-23,Organic Search,mobile,50,60
2017-03-23,Organic Search,tablet,2,0
2017-03-24,Direct,desktop,64,46.875
2017-03-24,Direct,mobile,23,65.21739130434783
2017-03-24,Direct,tablet,3,33.33333333333333
2017-03-24,Organic Search,desktop,146,39.726027397260275
2017-03-24,Organic Search,mobile,44,63.63636363636363
2017-03-24,Organic Search,tablet,4,50
2017-03-25,Direct,desktop,15,33.33333333333333
2017-03-25,Direct,mobile,19,68.42105263157895
2017-03-25,Direct,tablet,4,50
2017-03-25,Organic Search,desktop,57,42.10526315789473
2017-03-25,Organic Search,mobile,54,42.592592592592595
2017-03-25,Organic Search,tablet,5,20
2017-03-26,Direct,desktop,22,40.909090909090914
2017-03-26,Direct,mobile,22,59.09090909090909
2017-03-26,Direct,tablet,3,33.33333333333333
2017-03-26,Organic Search,desktop,42,47.61904761904761
2017-03-26,Organic Search,mobile,32,65.625
2017-03-26,Organic Search,tablet,8,37.5
2017-03-27,Direct,desktop,58,44.827586206896555
2017-03-27,Direct,mobile,22,72.72727272727273
2017-03-27,Direct,tablet,1,100
2017-03-27,Organic Search,desktop,142,36.61971830985916
2017-03-27,Organic Search,mobile,35,48.57142857142857
2017-03-27,Organic Search,tablet,8,75
2017-03-28,Direct,desktop,92,33.69565217391305
2017-03-28,Direct,mobile,31,80.64516129032258
2017-03-28,Direct,tablet,8,37.5
2017-03-28,Organic Search,desktop,181,33.70165745856354
2017-03-28,Organic Search,mobile,33,54.54545454545454
2017-03-28,Organic Search,tablet,3,33.33333333333333
2017-03-29,Direct,desktop,54,37.03703703703704
2017-03-29,Direct,mobile,29,82.75862068965517
2017-03-29,Direct,tablet,1,100
2017-03-29,Organic Search,desktop,153,39.21568627450981
2017-03-29,Organic Search,mobile,37,51.35135135135135
2017-03-29,Organic Search,tablet,3,100
2017-03-30,Direct,desktop,37,45.94594594594595
2017-03-30,Direct,mobile,20,70
2017-03-30,Direct,tablet,1,100
2017-03-30,Organic Search,desktop,146,34.93150684931507
2017-03-30,Organic Search,mobile,35,60
2017-03-30,Organic Search,tablet,1,0
2017-03-31,Direct,desktop,64,43.75
2017-03-31,Direct,mobile,29,79.3103448275862
2017-03-31,Direct,tablet,3,66.66666666666666
2017-03-31,Organic Search,desktop,122,40.16393442622951
2017-03-31,Organic Search,mobile,48,56.25
2017-03-31,Organic Search,tablet,4,75
2017-04-01,Direct,desktop,22,36.36363636363637
2017-04-01,Direct,mobile,23,52.17391304347826
2017-04-01,Direct,tablet,3,66.66666666666666
2017-04-01,Organic Search,desktop,66,50
2017-04-01,Organic Search,mobile,29,48.275862068965516
2017-04-01,Organic Search,tablet,4,25
2017-04-02,Direct,desktop,20,35
2017-04-02,Direct,mobile,33,72.72727272727273
2017-04-02,Direct,tablet,4,50
2017-04-02,Organic Search,desktop,37,35.13513513513514
2017-04-02,Organic Search,mobile,30,50
2017-04-02,Organic Search,tablet,4,50
2017-04-03,Direct,desktop,78,42.30769230769231
2017-04-03,Direct,mobile,28,78.57142857142857
2017-04-03,Direct,tablet,4,50
2017-04-03,Organic Search,desktop,173,41.040462427745666
2017-04-03,Organic Search,mobile,42,57.14285714285714
2017-04-03,Organic Search,tablet,9,22.22222222222222
2017-04-04,Direct,desktop,90,28.888888888888886
2017-04-04,Direct,mobile,48,60.416666666666664
2017-04-04,Direct,tablet,3,66.66666666666666
2017-04-04,Organic Search,desktop,205,28.780487804878046
2017-04-04,Organic Search,mobile,47,55.319148936170215
2017-04-04,Organic Search,tablet,5,80
2017-04-05,Direct,desktop,115,57.391304347826086
2017-04-05,Direct,mobile,28,67.85714285714286
2017-04-05,Direct,tablet,5,20
2017-04-05,Organic Search,desktop,153,30.718954248366014
2017-04-05,Organic Search,mobile,33,45.45454545454545
2017-04-05,Organic Search,tablet,6,33.33333333333333
2017-04-06,Direct,desktop,63,46.03174603174603
2017-04-06,Direct,mobile,32,75
2017-04-06,Organic Search,desktop,151,43.70860927152318
2017-04-06,Organic Search,mobile,21,61.904761904761905
2017-04-06,Organic Search,tablet,3,100
2017-04-07,Direct,desktop,49,55.10204081632652
2017-04-07,Direct,mobile,28,67.85714285714286
2017-04-07,Direct,tablet,2,50
2017-04-07,Organic Search,desktop,121,40.49586776859504
2017-04-07,Organic Search,mobile,24,62.5
2017-04-07,Organic Search,tablet,1,100
2017-04-08,Direct,desktop,14,42.857142857142854
2017-04-08,Direct,mobile,11,72.72727272727273
2017-04-08,Direct,tablet,3,0
2017-04-08,Organic Search,desktop,34,58.82352941176471
2017-04-08,Organic Search,mobile,29,37.93103448275862
2017-04-08,Organic Search,tablet,4,50
2017-04-09,Direct,desktop,14,42.857142857142854
2017-04-09,Direct,mobile,12,91.66666666666666
2017-04-09,Direct,tablet,3,0
2017-04-09,Organic Search,desktop,47,42.5531914893617
2017-04-09,Organic Search,mobile,14,57.14285714285714
2017-04-09,Organic Search,tablet,5,40
2017-04-10,Direct,desktop,59,57.6271186440678
2017-04-10,Direct,mobile,25,68
2017-04-10,Direct,tablet,5,60
2017-04-10,Organic Search,desktop,119,36.97478991596639
2017-04-10,Organic Search,mobile,18,77.77777777777779
2017-04-10,Organic Search,tablet,3,33.33333333333333
2017-04-11,Direct,desktop,24,37.5
2017-04-11,Direct,mobile,27,51.85185185185185
2017-04-11,Direct,tablet,5,60
2017-04-11,Organic Search,desktop,112,41.964285714285715
2017-04-11,Organic Search,mobile,27,55.55555555555556
2017-04-11,Organic Search,tablet,3,66.66666666666666
2017-04-12,Direct,desktop,30,53.333333333333336
2017-04-12,Direct,mobile,30,76.66666666666667
2017-04-12,Direct,tablet,3,33.33333333333333
2017-04-12,Organic Search,desktop,81,49.382716049382715
2017-04-12,Organic Search,mobile,15,60
2017-04-12,Organic Search,tablet,4,100
2017-04-13,Direct,desktop,24,45.83333333333333
2017-04-13,Direct,mobile,24,79.16666666666666
2017-04-13,Organic Search,desktop,24,33.33333333333333
2017-04-13,Organic Search,mobile,26,65.38461538461539
2017-04-14,Direct,desktop,14,57.14285714285714
2017-04-14,Direct,mobile,7,57.14285714285714
2017-04-14,Direct,tablet,2,100
2017-04-14,Organic Search,desktop,21,61.904761904761905
2017-04-14,Organic Search,mobile,14,57.14285714285714
2017-04-14,Organic Search,tablet,4,50
2017-04-15,Direct,desktop,11,45.45454545454545
2017-04-15,Direct,mobile,16,62.5
2017-04-15,Direct,tablet,1,100
2017-04-15,Organic Search,desktop,11,27.27272727272727
2017-04-15,Organic Search,mobile,19,52.63157894736842
2017-04-15,Organic Search,tablet,3,0
2017-04-16,Direct,desktop,16,68.75
2017-04-16,Direct,mobile,14,71.42857142857143
2017-04-16,Direct,tablet,4,75
2017-04-16,Organic Search,desktop,32,43.75
2017-04-16,Organic Search,mobile,32,43.75
2017-04-16,Organic Search,tablet,1,0
2017-04-17,Direct,desktop,63,47.61904761904761
2017-04-17,Direct,mobile,29,58.620689655172406
2017-04-17,Direct,tablet,5,100
2017-04-17,Organic Search,desktop,98,28.57142857142857
2017-04-17,Organic Search,mobile,25,56.00000000000001
2017-04-17,Organic Search,tablet,6,66.66666666666666
2017-04-18,Direct,desktop,59,45.76271186440678
2017-04-18,Direct,mobile,31,80.64516129032258
2017-04-18,Direct,tablet,1,100
2017-04-18,Organic Search,desktop,124,34.67741935483871
2017-04-18,Organic Search,mobile,25,72
2017-04-18,Organic Search,tablet,4,25
2017-04-19,Direct,desktop,62,41.935483870967744
2017-04-19,Direct,mobile,29,79.3103448275862
2017-04-19,Direct,tablet,3,100
2017-04-19,Organic Search,desktop,128,49.21875
2017-04-19,Organic Search,mobile,23,52.17391304347826
2017-04-19,Organic Search,tablet,6,33.33333333333333
2017-04-20,Direct,desktop,58,37.93103448275862
2017-04-20,Direct,mobile,38,76.31578947368422
2017-04-20,Direct,tablet,8,62.5
2017-04-20,Organic Search,desktop,114,44.73684210526316
2017-04-20,Organic Search,mobile,38,65.78947368421053
2017-04-20,Organic Search,tablet,8,75
2017-04-21,Direct,desktop,42,64.28571428571429
2017-04-21,Direct,mobile,26,73.07692307692307
2017-04-21,Direct,tablet,1,100
2017-04-21,Organic Search,desktop,84,33.33333333333333
2017-04-21,Organic Search,mobile,42,61.904761904761905
2017-04-21,Organic Search,tablet,2,100
2017-04-22,Direct,desktop,9,22.22222222222222
2017-04-22,Direct,mobile,17,64.70588235294117
2017-04-22,Direct,tablet,2,100
2017-04-22,Organic Search,desktop,39,43.58974358974359
2017-04-22,Organic Search,mobile,16,43.75
2017-04-22,Organic Search,tablet,8,25
2017-04-23,Direct,desktop,16,43.75
2017-04-23,Direct,mobile,12,58.333333333333336
2017-04-23,Organic Search,desktop,36,41.66666666666667
2017-04-23,Organic Search,mobile,27,62.96296296296296
2017-04-23,Organic Search,tablet,7,42.857142857142854
2017-04-24,Direct,desktop,55,36.36363636363637
2017-04-24,Direct,mobile,14,78.57142857142857
2017-04-24,Direct,tablet,1,0
2017-04-24,Organic Search,desktop,114,40.35087719298245
2017-04-24,Organic Search,mobile,12,25
2017-04-24,Organic Search,tablet,2,50
2017-04-25,Direct,desktop,79,41.77215189873418
2017-04-25,Direct,mobile,31,58.06451612903226
2017-04-25,Direct,tablet,2,100
2017-04-25,Organic Search,desktop,153,45.751633986928105
2017-04-25,Organic Search,mobile,37,62.16216216216216
2017-04-25,Organic Search,tablet,3,33.33333333333333
2017-04-26,Direct,desktop,59,45.76271186440678
2017-04-26,Direct,mobile,22,59.09090909090909
2017-04-26,Direct,tablet,2,0
2017-04-26,Organic Search,desktop,153,40.52287581699346
2017-04-26,Organic Search,mobile,33,45.45454545454545
2017-04-26,Organic Search,tablet,5,60
2017-04-27,Direct,desktop,51,50.98039215686274
2017-04-27,Direct,mobile,18,72.22222222222221
2017-04-27,Organic Search,desktop,131,45.038167938931295
2017-04-27,Organic Search,mobile,30,53.333333333333336
2017-04-27,Organic Search,tablet,2,100
2017-04-28,Direct,desktop,41,43.90243902439025
2017-04-28,Direct,mobile,5,60
2017-04-28,Direct,tablet,2,100
2017-04-28,Organic Search,desktop,100,45
2017-04-28,Organic Search,mobile,26,50
2017-04-28,Organic Search,tablet,2,100
2017-04-29,Direct,desktop,12,66.66666666666666
2017-04-29,Direct,mobile,10,60
2017-04-29,Organic Search,desktop,29,65.51724137931035
2017-04-29,Organic Search,mobile,23,56.52173913043478
2017-04-29,Organic Search,tablet,2,0
2017-04-30,Direct,desktop,14,57.14285714285714
2017-04-30,Direct,mobile,4,75
2017-04-30,Direct,tablet,1,100
2017-04-30,Organic Search,desktop,37,51.35135135135135
2017-04-30,Organic Search,mobile,17,58.82352941176471
2017-04-30,Organic Search,tablet,4,75
2017-05-01,Direct,desktop,19,68.42105263157895
2017-05-01,Direct,mobile,6,66.66666666666666
2017-05-01,Direct,tablet,1,100
2017-05-01,Organic Search,desktop,54,44.44444444444444
2017-05-01,Organic Search,mobile,21,47.61904761904761
2017-05-01,Organic Search,tablet,6,33.33333333333333
2017-05-02,Direct,desktop,31,61.29032258064516
2017-05-02,Direct,mobile,9,88.88888888888889
2017-05-02,Direct,tablet,1,100
2017-05-02,Organic Search,desktop,76,43.42105263157895
2017-05-02,Organic Search,mobile,20,75
2017-05-02,Organic Search,tablet,3,66.66666666666666
2017-05-03,Direct,desktop,81,46.913580246913575
2017-05-03,Direct,mobile,17,70.58823529411765
2017-05-03,Direct,tablet,2,0
2017-05-03,Organic Search,desktop,133,46.616541353383454
2017-05-03,Organic Search,mobile,36,63.888888888888886
2017-05-03,Organic Search,tablet,5,60
2017-05-04,Direct,desktop,60,43.333333333333336
2017-05-04,Direct,mobile,14,57.14285714285714
2017-05-04,Direct,tablet,4,75
2017-05-04,Organic Search,desktop,125,40
2017-05-04,Organic Search,mobile,27,55.55555555555556
2017-05-05,Direct,desktop,43,51.162790697674424
2017-05-05,Direct,mobile,19,78.94736842105263
2017-05-05,Direct,tablet,1,100
2017-05-05,Organic Search,desktop,99,45.45454545454545
2017-05-05,Organic Search,mobile,33,45.45454545454545
2017-05-05,Organic Search,tablet,2,50
2017-05-06,Direct,desktop,19,78.94736842105263
2017-05-06,Direct,mobile,13,61.53846153846154
2017-05-06,Organic Search,desktop,59,54.23728813559322
2017-05-06,Organic Search,mobile,32,75
2017-05-06,Organic Search,tablet,10,40
2017-05-07,Direct,desktop,11,36.36363636363637
2017-05-07,Direct,mobile,8,75
2017-05-07,Direct,tablet,1,0
2017-05-07,Organic Search,desktop,46,58.69565217391305
2017-05-07,Organic Search,mobile,17,70.58823529411765
2017-05-07,Organic Search,tablet,4,25
2017-05-08,Direct,desktop,58,55.172413793103445
2017-05-08,Direct,mobile,20,65
2017-05-08,Direct,tablet,2,0
2017-05-08,Organic Search,desktop,144,36.11111111111111
2017-05-08,Organic Search,mobile,25,48
2017-05-08,Organic Search,tablet,6,66.66666666666666
2017-05-09,Direct,desktop,130,65.38461538461539
2017-05-09,Direct,mobile,56,69.64285714285714
2017-05-09,Direct,tablet,5,80
2017-05-09,Organic Search,desktop,143,38.46153846153847
2017-05-09,Organic Search,mobile,35,54.285714285714285
2017-05-09,Organic Search,tablet,3,66.66666666666666
2017-05-10,Direct,desktop,65,53.84615384615385
2017-05-10,Direct,mobile,19,68.42105263157895
2017-05-10,Direct,tablet,6,66.66666666666666
2017-05-10,Organic Search,desktop,131,37.404580152671755
2017-05-10,Organic Search,mobile,29,55.172413793103445
2017-05-10,Organic Search,tablet,4,75
2017-05-11,Direct,desktop,45,37.77777777777778
2017-05-11,Direct,mobile,15,60
2017-05-11,Direct,tablet,3,66.66666666666666
2017-05-11,Organic Search,desktop,119,51.26050420168067
2017-05-11,Organic Search,mobile,30,70
2017-05-11,Organic Search,tablet,4,75
2017-05-12,Direct,desktop,60,63.33333333333333
2017-05-12,Direct,mobile,16,81.25
2017-05-12,Direct,tablet,5,80
2017-05-12,Organic Search,desktop,116,42.241379310344826
2017-05-12,Organic Search,mobile,38,44.73684210526316
2017-05-12,Organic Search,tablet,3,33.33333333333333
2017-05-13,Direct,desktop,26,76.92307692307693
2017-05-13,Direct,mobile,10,70
2017-05-13,Direct,tablet,1,100
2017-05-13,Organic Search,desktop,38,42.10526315789473
2017-05-13,Organic Search,mobile,29,55.172413793103445
2017-05-13,Organic Search,tablet,3,33.33333333333333
2017-05-14,Direct,desktop,20,60
2017-05-14,Direct,mobile,14,92.85714285714286
2017-05-14,Organic Search,desktop,35,42.857142857142854
2017-05-14,Organic Search,mobile,18,61.111111111111114
2017-05-15,Direct,desktop,32,50
2017-05-15,Direct,mobile,22,63.63636363636363
2017-05-15,Direct,tablet,2,50
2017-05-15,Organic Search,desktop,86,40.69767441860465
2017-05-15,Organic Search,mobile,15,46.666666666666664
2017-05-15,Organic Search,tablet,3,66.66666666666666
2017-05-16,Direct,desktop,59,52.54237288135594
2017-05-16,Direct,mobile,23,65.21739130434783
2017-05-16,Organic Search,desktop,136,41.911764705882355
2017-05-16,Organic Search,mobile,36,66.66666666666666
2017-05-16,Organic Search,tablet,3,0
2017-05-17,Direct,desktop,46,47.82608695652174
2017-05-17,Direct,mobile,19,68.42105263157895
2017-05-17,Direct,tablet,1,100
2017-05-17,Organic Search,desktop,145,41.37931034482759
2017-05-17,Organic Search,mobile,36,63.888888888888886
2017-05-17,Organic Search,tablet,5,60
2017-05-18,Direct,desktop,42,47.61904761904761
2017-05-18,Direct,mobile,17,70.58823529411765
2017-05-18,Organic Search,desktop,146,42.465753424657535
2017-05-18,Organic Search,mobile,37,62.16216216216216
2017-05-18,Organic Search,tablet,7,71.42857142857143
2017-05-19,Direct,desktop,42,64.28571428571429
2017-05-19,Direct,mobile,20,80
2017-05-19,Direct,tablet,1,100
2017-05-19,Organic Search,desktop,128,42.96875
2017-05-19,Organic Search,mobile,37,48.64864864864865
2017-05-19,Organic Search,tablet,4,75
2017-05-20,Direct,desktop,18,66.66666666666666
2017-05-20,Direct,mobile,10,40
2017-05-20,Organic Search,desktop,74,32.432432432432435
2017-05-20,Organic Search,mobile,29,65.51724137931035
2017-05-20,Organic Search,tablet,6,50
2017-05-21,Direct,desktop,17,41.17647058823529
2017-05-21,Direct,mobile,12,66.66666666666666
2017-05-21,Direct,tablet,4,50
2017-05-21,Organic Search,desktop,47,38.297872340425535
2017-05-21,Organic Search,mobile,28,53.57142857142857
2017-05-21,Organic Search,tablet,5,20
2017-05-22,Direct,desktop,54,40.74074074074074
2017-05-22,Direct,mobile,15,40
2017-05-22,Direct,tablet,1,100
2017-05-22,Organic Search,desktop,186,42.473118279569896
2017-05-22,Organic Search,mobile,30,66.66666666666666
2017-05-22,Organic Search,tablet,6,66.66666666666666
2017-05-23,Direct,desktop,62,58.06451612903226
2017-05-23,Direct,mobile,18,66.66666666666666
2017-05-23,Direct,tablet,6,33.33333333333333
2017-05-23,Organic Search,desktop,211,31.753554502369667
2017-05-23,Organic Search,mobile,27,51.85185185185185
2017-05-23,Organic Search,tablet,5,80
2017-05-24,Direct,desktop,53,67.9245283018868
2017-05-24,Direct,mobile,13,69.23076923076923
2017-05-24,Direct,tablet,3,66.66666666666666
2017-05-24,Organic Search,desktop,165,33.939393939393945
2017-05-24,Organic Search,mobile,40,70
2017-05-24,Organic Search,tablet,7,57.14285714285714
2017-05-25,Direct,desktop,48,50
2017-05-25,Direct,mobile,27,81.48148148148148
2017-05-25,Direct,tablet,4,100
2017-05-25,Organic Search,desktop,170,41.76470588235294
2017-05-25,Organic Search,mobile,28,53.57142857142857
2017-05-25,Organic Search,tablet,6,50
2017-05-26,Direct,desktop,31,41.935483870967744
2017-05-26,Direct,mobile,10,50
2017-05-26,Direct,tablet,2,50
2017-05-26,Organic Search,desktop,110,50.90909090909091
2017-05-26,Organic Search,mobile,26,73.07692307692307
2017-05-26,Organic Search,tablet,5,40
2017-05-27,Direct,desktop,17,64.70588235294117
2017-05-27,Direct,mobile,9,33.33333333333333
2017-05-27,Direct,tablet,6,50
2017-05-27,Organic Search,desktop,43,39.53488372093023
2017-05-27,Organic Search,mobile,28,71.42857142857143
2017-05-27,Organic Search,tablet,3,33.33333333333333
2017-05-28,Direct,desktop,13,69.23076923076923
2017-05-28,Direct,mobile,6,66.66666666666666
2017-05-28,Direct,tablet,5,80
2017-05-28,Organic Search,desktop,38,36.84210526315789
2017-05-28,Organic Search,mobile,19,73.68421052631578
2017-05-28,Organic Search,tablet,3,0
2017-05-29,Direct,desktop,50,48
2017-05-29,Direct,mobile,15,60
2017-05-29,Direct,tablet,3,100
2017-05-29,Organic Search,desktop,182,48.35164835164835
2017-05-29,Organic Search,mobile,45,51.11111111111111
2017-05-29,Organic Search,tablet,6,16.666666666666664
2017-05-30,Direct,desktop,62,37.096774193548384
2017-05-30,Direct,mobile,29,62.06896551724138
2017-05-30,Direct,tablet,6,50
2017-05-30,Organic Search,desktop,168,42.857142857142854
2017-05-30,Organic Search,mobile,55,61.81818181818181
2017-05-30,Organic Search,tablet,8,50
2017-05-31,Direct,desktop,72,51.388888888888886
2017-05-31,Direct,mobile,23,65.21739130434783
2017-05-31,Direct,tablet,2,100
2017-05-31,Organic Search,desktop,175,43.42857142857143
2017-05-31,Organic Search,mobile,40,60
2017-05-31,Organic Search,tablet,3,66.66666666666666
2017-06-01,Direct,desktop,57,52.63157894736842
2017-06-01,Direct,mobile,47,74.46808510638297
2017-06-01,Direct,tablet,5,80
2017-06-01,Organic Search,desktop,162,48.76543209876543
2017-06-01,Organic Search,mobile,40,52.5
2017-06-01,Organic Search,tablet,5,20
2017-06-02,Direct,desktop,43,53.48837209302325
2017-06-02,Direct,mobile,38,73.68421052631578
2017-06-02,Organic Search,desktop,117,47.008547008547005
2017-06-02,Organic Search,mobile,25,48
2017-06-02,Organic Search,tablet,2,0
2017-06-03,Direct,desktop,12,50
2017-06-03,Direct,mobile,28,92.85714285714286
2017-06-03,Direct,tablet,4,100
2017-06-03,Organic Search,desktop,49,51.02040816326531
2017-06-03,Organic Search,mobile,21,61.904761904761905
2017-06-03,Organic Search,tablet,4,0
2017-06-04,Direct,desktop,7,71.42857142857143
2017-06-04,Direct,mobile,16,87.5
2017-06-04,Direct,tablet,1,100
2017-06-04,Organic Search,desktop,60,45
2017-06-04,Organic Search,mobile,32,53.125
2017-06-04,Organic Search,tablet,5,40
2017-06-05,Direct,desktop,40,50
2017-06-05,Direct,mobile,11,90.9090909090909
2017-06-05,Direct,tablet,4,75
2017-06-05,Organic Search,desktop,162,45.06172839506173
2017-06-05,Organic Search,mobile,36,55.55555555555556
2017-06-05,Organic Search,tablet,5,80
2017-06-06,Direct,desktop,53,47.16981132075472
2017-06-06,Direct,mobile,25,88
2017-06-06,Direct,tablet,1,100
2017-06-06,Organic Search,desktop,168,34.523809523809526
2017-06-06,Organic Search,mobile,41,58.536585365853654
2017-06-06,Organic Search,tablet,3,66.66666666666666
2017-06-07,Direct,desktop,58,41.37931034482759
2017-06-07,Direct,mobile,25,72
2017-06-07,Direct,tablet,6,100
2017-06-07,Organic Search,desktop,153,39.869281045751634
2017-06-07,Organic Search,mobile,39,46.15384615384615
2017-06-07,Organic Search,tablet,7,85.71428571428571
2017-06-08,Direct,desktop,42,45.23809523809524
2017-06-08,Direct,mobile,22,81.81818181818183
2017-06-08,Direct,tablet,3,66.66666666666666
2017-06-08,Organic Search,desktop,144,39.58333333333333
2017-06-08,Organic Search,mobile,30,53.333333333333336
2017-06-08,Organic Search,tablet,4,75
2017-06-09,Direct,desktop,32,62.5
2017-06-09,Direct,mobile,30,70
2017-06-09,Direct,tablet,1,100
2017-06-09,Organic Search,desktop,143,46.15384615384615
2017-06-09,Organic Search,mobile,54,50
2017-06-09,Organic Search,tablet,3,66.66666666666666
2017-06-10,Direct,desktop,15,53.333333333333336
2017-06-10,Direct,mobile,32,75
2017-06-10,Direct,tablet,3,100
2017-06-10,Organic Search,desktop,57,50.877192982456144
2017-06-10,Organic Search,mobile,25,56.00000000000001
2017-06-10,Organic Search,tablet,3,33.33333333333333
2017-06-11,Direct,desktop,14,57.14285714285714
2017-06-11,Direct,mobile,24,75
2017-06-11,Direct,tablet,4,50
2017-06-11,Organic Search,desktop,63,44.44444444444444
2017-06-11,Organic Search,mobile,31,54.83870967741935
2017-06-11,Organic Search,tablet,9,22.22222222222222
2017-06-12,Direct,desktop,104,34.61538461538461
2017-06-12,Direct,mobile,73,61.64383561643836
2017-06-12,Direct,tablet,4,25
2017-06-12,Organic Search,desktop,197,41.11675126903553
2017-06-12,Organic Search,mobile,45,51.11111111111111
2017-06-12,Organic Search,tablet,4,50
2017-06-13,Direct,desktop,62,43.54838709677419
2017-06-13,Direct,mobile,43,76.74418604651163
2017-06-13,Direct,tablet,4,75
2017-06-13,Organic Search,desktop,177,43.50282485875706
2017-06-13,Organic Search,mobile,31,64.51612903225806
2017-06-13,Organic Search,tablet,6,50
2017-06-14,Direct,desktop,69,36.231884057971016
2017-06-14,Direct,mobile,37,59.45945945945946
2017-06-14,Direct,tablet,3,66.66666666666666
2017-06-14,Organic Search,desktop,170,38.82352941176471
2017-06-14,Organic Search,mobile,42,59.523809523809526
2017-06-14,Organic Search,tablet,1,100
2017-06-15,Direct,desktop,69,50.72463768115942
2017-06-15,Direct,mobile,32,68.75
2017-06-15,Direct,tablet,2,100
2017-06-15,Organic Search,desktop,176,37.5
2017-06-15,Organic Search,mobile,41,48.78048780487805
2017-06-15,Organic Search,tablet,4,75
2017-06-16,Direct,desktop,53,45.28301886792453
2017-06-16,Direct,mobile,34,64.70588235294117
2017-06-16,Direct,tablet,1,100
2017-06-16,Organic Search,desktop,125,44
2017-06-16,Organic Search,mobile,31,41.935483870967744
2017-06-16,Organic Search,tablet,3,33.33333333333333
2017-06-17,Direct,desktop,13,53.84615384615385
2017-06-17,Direct,mobile,33,84.84848484848484
2017-06-17,Direct,tablet,2,0
2017-06-17,Organic Search,desktop,57,56.14035087719298
2017-06-17,Organic Search,mobile,35,57.14285714285714
2017-06-17,Organic Search,tablet,5,60
2017-06-18,Direct,desktop,18,72.22222222222221
2017-06-18,Direct,mobile,25,84
2017-06-18,Direct,tablet,5,60
2017-06-18,Organic Search,desktop,49,53.06122448979592
2017-06-18,Organic Search,mobile,29,65.51724137931035
2017-06-18,Organic Search,tablet,5,60
2017-06-19,Direct,desktop,139,34.53237410071942
2017-06-19,Direct,mobile,137,70.07299270072993
2017-06-19,Direct,tablet,6,50
2017-06-19,Organic Search,desktop,176,47.159090909090914
2017-06-19,Organic Search,mobile,50,60
2017-06-19,Organic Search,tablet,6,66.66666666666666
2017-06-20,Direct,desktop,60,40
2017-06-20,Direct,mobile,34,76.47058823529412
2017-06-20,Direct,tablet,3,100
2017-06-20,Organic Search,desktop,213,42.72300469483568
2017-06-20,Organic Search,mobile,36,50
2017-06-20,Organic Search,tablet,13,38.46153846153847
2017-06-21,Direct,desktop,47,44.680851063829785
2017-06-21,Direct,mobile,46,50
2017-06-21,Direct,tablet,4,75
2017-06-21,Organic Search,desktop,151,49.00662251655629
2017-06-21,Organic Search,mobile,50,57.99999999999999
2017-06-21,Organic Search,tablet,4,0
2017-06-22,Direct,desktop,41,36.58536585365854
2017-06-22,Direct,mobile,29,86.20689655172413
2017-06-22,Direct,tablet,1,100
2017-06-22,Organic Search,desktop,116,43.96551724137931
2017-06-22,Organic Search,mobile,28,50
2017-06-22,Organic Search,tablet,5,60
2017-06-23,Direct,desktop,75,62.66666666666667
2017-06-23,Direct,mobile,31,74.19354838709677
2017-06-23,Direct,tablet,3,66.66666666666666
2017-06-23,Organic Search,desktop,125,40
2017-06-23,Organic Search,mobile,44,36.36363636363637
2017-06-23,Organic Search,tablet,2,0
2017-06-24,Direct,desktop,20,80
2017-06-24,Direct,mobile,36,80.55555555555556
2017-06-24,Direct,tablet,3,33.33333333333333
2017-06-24,Organic Search,desktop,41,41.46341463414634
2017-06-24,Organic Search,mobile,30,56.666666666666664
2017-06-24,Organic Search,tablet,3,66.66666666666666
2017-06-25,Direct,desktop,23,56.52173913043478
2017-06-25,Direct,mobile,31,80.64516129032258
2017-06-25,Direct,tablet,3,33.33333333333333
2017-06-25,Organic Search,desktop,50,46
2017-06-25,Organic Search,mobile,30,56.666666666666664
2017-06-25,Organic Search,tablet,1,100
2017-06-26,Direct,desktop,97,45.36082474226804
2017-06-26,Direct,mobile,76,76.31578947368422
2017-06-26,Direct,tablet,1,100
2017-06-26,Organic Search,desktop,146,43.15068493150685
2017-06-26,Organic Search,mobile,35,57.14285714285714
2017-06-26,Organic Search,tablet,1,0
2017-06-27,Direct,desktop,68,42.64705882352941
2017-06-27,Direct,mobile,36,77.77777777777779
2017-06-27,Direct,tablet,4,50
2017-06-27,Organic Search,desktop,155,44.516129032258064
2017-06-27,Organic Search,mobile,35,65.71428571428571
2017-06-27,Organic Search,tablet,5,80
2017-06-28,Direct,desktop,65,46.15384615384615
2017-06-28,Direct,mobile,35,62.857142857142854
2017-06-28,Direct,tablet,2,100
2017-06-28,Organic Search,desktop,148,40.54054054054054
2017-06-28,Organic Search,mobile,35,65.71428571428571
2017-06-28,Organic Search,tablet,6,50
2017-06-29,Direct,desktop,50,46
2017-06-29,Direct,mobile,31,74.19354838709677
2017-06-29,Direct,tablet,2,0
2017-06-29,Organic Search,desktop,117,32.47863247863248
2017-06-29,Organic Search,mobile,31,64.51612903225806
2017-06-29,Organic Search,tablet,2,50
2017-06-30,Direct,desktop,51,64.70588235294117
2017-06-30,Direct,mobile,20,95
2017-06-30,Organic Search,desktop,98,35.714285714285715
2017-06-30,Organic Search,mobile,33,54.54545454545454
2017-06-30,Organic Search,tablet,3,0
2017-07-01,Direct,desktop,14,64.28571428571429
2017-07-01,Direct,mobile,29,62.06896551724138
2017-07-01,Direct,tablet,2,50
2017-07-01,Organic Search,desktop,38,36.84210526315789
2017-07-01,Organic Search,mobile,26,76.92307692307693
2017-07-01,Organic Search,tablet,2,50
2017-07-02,Direct,desktop,28,82.14285714285714
2017-07-02,Direct,mobile,31,70.96774193548387
2017-07-02,Direct,tablet,1,0
2017-07-02,Organic Search,desktop,40,32.5
2017-07-02,Organic Search,mobile,36,61.111111111111114
2017-07-02,Organic Search,tablet,1,100
2017-07-03,Direct,desktop,84,51.19047619047619
2017-07-03,Direct,mobile,98,68.36734693877551
2017-07-03,Direct,tablet,6,50
2017-07-03,Organic Search,desktop,147,42.17687074829932
2017-07-03,Organic Search,mobile,52,73.07692307692307
2017-07-03,Organic Search,tablet,4,25
2017-07-04,Direct,desktop,47,53.191489361702125
2017-07-04,Direct,mobile,56,80.35714285714286
2017-07-04,Direct,tablet,2,50
2017-07-04,Organic Search,desktop,175,37.714285714285715
2017-07-04,Organic Search,mobile,26,46.15384615384615
2017-07-04,Organic Search,tablet,2,100
2017-07-05,Direct,desktop,38,42.10526315789473
2017-07-05,Direct,mobile,33,63.63636363636363
2017-07-05,Direct,tablet,1,100
2017-07-05,Organic Search,desktop,148,40.54054054054054
2017-07-05,Organic Search,mobile,33,69.6969696969697
2017-07-05,Organic Search,tablet,5,80
2017-07-06,Direct,desktop,40,52.5
2017-07-06,Direct,mobile,32,62.5
2017-07-06,Direct,tablet,3,66.66666666666666
2017-07-06,Organic Search,desktop,116,35.3448275862069
2017-07-06,Organic Search,mobile,38,71.05263157894737
2017-07-06,Organic Search,tablet,3,100
2017-07-07,Direct,desktop,47,59.57446808510638
2017-07-07,Direct,mobile,27,85.18518518518519
2017-07-07,Direct,tablet,1,100
2017-07-07,Organic Search,desktop,98,47.95918367346938
2017-07-07,Organic Search,mobile,30,63.33333333333333
2017-07-07,Organic Search,tablet,4,25
2017-07-08,Direct,desktop,22,72.72727272727273
2017-07-08,Direct,mobile,37,72.97297297297297
2017-07-08,Direct,tablet,3,100
2017-07-08,Organic Search,desktop,41,51.21951219512195
2017-07-08,Organic Search,mobile,18,61.111111111111114
2017-07-08,Organic Search,tablet,4,0
2017-07-09,Direct,desktop,17,64.70588235294117
2017-07-09,Direct,mobile,24,79.16666666666666
2017-07-09,Direct,tablet,4,75
2017-07-09,Organic Search,desktop,52,36.53846153846153
2017-07-09,Organic Search,mobile,21,52.38095238095239
2017-07-09,Organic Search,tablet,6,33.33333333333333
2017-07-10,Direct,desktop,83,55.42168674698795
2017-07-10,Direct,mobile,70,85.71428571428571
2017-07-10,Direct,tablet,2,100
2017-07-10,Organic Search,desktop,143,33.56643356643357
2017-07-10,Organic Search,mobile,34,70.58823529411765
2017-07-10,Organic Search,tablet,10,40
2017-07-11,Direct,desktop,44,36.36363636363637
2017-07-11,Direct,mobile,27,55.55555555555556
2017-07-11,Direct,tablet,1,100
2017-07-11,Organic Search,desktop,156,42.94871794871795
2017-07-11,Organic Search,mobile,32,59.375
2017-07-11,Organic Search,tablet,2,100
2017-07-12,Direct,desktop,48,75
2017-07-12,Direct,mobile,42,73.80952380952381
2017-07-12,Direct,tablet,2,100
2017-07-12,Organic Search,desktop,147,43.53741496598639
2017-07-12,Organic Search,mobile,34,47.05882352941176
2017-07-12,Organic Search,tablet,3,33.33333333333333
2017-07-13,Direct,desktop,39,48.717948717948715
2017-07-13,Direct,mobile,49,79.59183673469387
2017-07-13,Direct,tablet,1,0
2017-07-13,Organic Search,desktop,139,44.60431654676259
2017-07-13,Organic Search,mobile,33,69.6969696969697
2017-07-13,Organic Search,tablet,1,0
2017-07-14,Direct,desktop,46,65.21739130434783
2017-07-14,Direct,mobile,45,82.22222222222221
2017-07-14,Organic Search,desktop,110,42.72727272727273
2017-07-14,Organic Search,mobile,22,68.18181818181817
2017-07-14,Organic Search,tablet,9,77.77777777777779
2017-07-15,Direct,desktop,29,79.3103448275862
2017-07-15,Direct,mobile,25,80
2017-07-15,Direct,tablet,2,50
2017-07-15,Organic Search,desktop,44,40.909090909090914
2017-07-15,Organic Search,mobile,19,47.368421052631575
2017-07-15,Organic Search,tablet,5,20
2017-07-16,Direct,desktop,20,75
2017-07-16,Direct,mobile,47,76.59574468085107
2017-07-16,Direct,tablet,3,66.66666666666666
2017-07-16,Organic Search,desktop,34,50
2017-07-16,Organic Search,mobile,26,69.23076923076923
2017-07-16,Organic Search,tablet,4,50
2017-07-17,Direct,desktop,94,57.446808510638306
2017-07-17,Direct,mobile,109,75.22935779816514
2017-07-17,Direct,tablet,9,66.66666666666666
2017-07-17,Organic Search,desktop,134,35.82089552238806
2017-07-17,Organic Search,mobile,52,61.53846153846154
2017-07-17,Organic Search,tablet,7,14.285714285714285
2017-07-18,Direct,desktop,63,49.2063492063492
2017-07-18,Direct,mobile,62,77.41935483870968
2017-07-18,Direct,tablet,5,100
2017-07-18,Organic Search,desktop,172,34.883720930232556
2017-07-18,Organic Search,mobile,51,58.82352941176471
2017-07-18,Organic Search,tablet,5,20
2017-07-19,Direct,desktop,54,46.2962962962963
2017-07-19,Direct,mobile,34,85.29411764705883
2017-07-19,Direct,tablet,5,40
2017-07-19,Organic Search,desktop,148,33.108108108108105
2017-07-19,Organic Search,mobile,29,37.93103448275862
2017-07-19,Organic Search,tablet,6,66.66666666666666
2017-07-20,Direct,desktop,62,33.87096774193548
2017-07-20,Direct,mobile,33,81.81818181818183
2017-07-20,Direct,tablet,4,75
2017-07-20,Organic Search,desktop,146,36.986301369863014
2017-07-20,Organic Search,mobile,30,63.33333333333333
2017-07-20,Organic Search,tablet,5,60
2017-07-21,Direct,desktop,51,60.78431372549019
2017-07-21,Direct,mobile,41,78.04878048780488
2017-07-21,Organic Search,desktop,129,34.10852713178294
2017-07-21,Organic Search,mobile,35,57.14285714285714
2017-07-21,Organic Search,tablet,4,100
2017-07-22,Direct,desktop,13,76.92307692307693
2017-07-22,Direct,mobile,34,76.47058823529412
2017-07-22,Direct,tablet,1,100
2017-07-22,Organic Search,desktop,37,45.94594594594595
2017-07-22,Organic Search,mobile,26,50
2017-07-22,Organic Search,tablet,5,20
2017-07-23,Direct,desktop,38,89.47368421052632
2017-07-23,Direct,mobile,46,82.6086956521739
2017-07-23,Direct,tablet,5,80
2017-07-23,Organic Search,desktop,39,53.84615384615385
2017-07-23,Organic Search,mobile,29,44.827586206896555
2017-07-23,Organic Search,tablet,4,25
2017-07-24,Direct,desktop,88,50
2017-07-24,Direct,mobile,99,69.6969696969697
2017-07-24,Direct,tablet,6,83.33333333333334
2017-07-24,Organic Search,desktop,162,37.65432098765432
2017-07-24,Organic Search,mobile,47,59.57446808510638
2017-07-24,Organic Search,tablet,7,57.14285714285714
2017-07-25,Direct,desktop,67,52.23880597014925
2017-07-25,Direct,mobile,40,80
2017-07-25,Direct,tablet,3,33.33333333333333
2017-07-25,Organic Search,desktop,167,33.532934131736525
2017-07-25,Organic Search,mobile,44,59.09090909090909
2017-07-25,Organic Search,tablet,3,100
2017-07-26,Direct,desktop,69,56.52173913043478
2017-07-26,Direct,mobile,37,72.97297297297297
2017-07-26,Direct,tablet,3,66.66666666666666
2017-07-26,Organic Search,desktop,155,47.096774193548384
2017-07-26,Organic Search,mobile,41,65.85365853658537
2017-07-26,Organic Search,tablet,4,50
2017-07-27,Direct,desktop,38,42.10526315789473
2017-07-27,Direct,mobile,42,71.42857142857143
2017-07-27,Direct,tablet,3,100
2017-07-27,Organic Search,desktop,150,41.333333333333336
2017-07-27,Organic Search,mobile,32,59.375
2017-07-27,Organic Search,tablet,3,66.66666666666666
2017-07-28,Direct,desktop,46,56.52173913043478
2017-07-28,Direct,mobile,37,72.97297297297297
2017-07-28,Direct,tablet,3,66.66666666666666
2017-07-28,Organic Search,desktop,118,38.983050847457626
2017-07-28,Organic Search,mobile,40,47.5
2017-07-28,Organic Search,tablet,2,50
2017-07-29,Direct,desktop,11,54.54545454545454
2017-07-29,Direct,mobile,31,80.64516129032258
2017-07-29,Direct,tablet,8,50
2017-07-29,Organic Search,desktop,47,48.93617021276596
2017-07-29,Organic Search,mobile,24,45.83333333333333
2017-07-29,Organic Search,tablet,3,66.66666666666666
2017-07-30,Direct,desktop,16,50
2017-07-30,Direct,mobile,37,75.67567567567568
2017-07-30,Direct,tablet,6,66.66666666666666
2017-07-30,Organic Search,desktop,32,37.5
2017-07-30,Organic Search,mobile,27,55.55555555555556
2017-07-30,Organic Search,tablet,6,50
2017-07-31,Direct,desktop,52,61.53846153846154
2017-07-31,Direct,mobile,87,79.3103448275862
2017-07-31,Direct,tablet,5,100
2017-07-31,Organic Search,desktop,137,51.09489051094891
2017-07-31,Organic Search,mobile,32,56.25
2017-07-31,Organic Search,tablet,9,44.44444444444444
2017-08-01,Direct,desktop,59,49.152542372881356
2017-08-01,Direct,mobile,45,80
2017-08-01,Direct,tablet,2,100
2017-08-01,Organic Search,desktop,120,45
2017-08-01,Organic Search,mobile,22,45.45454545454545
2017-08-01,Organic Search,tablet,4,50
2017-08-02,Direct,desktop,52,61.53846153846154
2017-08-02,Direct,mobile,49,75.51020408163265
2017-08-02,Direct,tablet,5,80
2017-08-02,Organic Search,desktop,125,52.800000000000004
2017-08-02,Organic Search,mobile,29,68.96551724137932
2017-08-02,Organic Search,tablet,10,40
2017-08-03,Direct,desktop,34,52.94117647058824
2017-08-03,Direct,mobile,53,86.79245283018868
2017-08-03,Direct,tablet,1,100
2017-08-03,Organic Search,desktop,112,34.82142857142857
2017-08-03,Organic Search,mobile,35,62.857142857142854
2017-08-03,Organic Search,tablet,2,0
2017-08-04,Direct,desktop,50,42
2017-08-04,Direct,mobile,33,87.87878787878788
2017-08-04,Direct,tablet,5,80
2017-08-04,Organic Search,desktop,91,48.35164835164835
2017-08-04,Organic Search,mobile,25,60
2017-08-04,Organic Search,tablet,3,33.33333333333333
2017-08-05,Direct,desktop,15,66.66666666666666
2017-08-05,Direct,mobile,34,76.47058823529412
2017-08-05,Direct,tablet,3,66.66666666666666
2017-08-05,Organic Search,desktop,23,56.52173913043478
2017-08-05,Organic Search,mobile,23,69.56521739130434
2017-08-05,Organic Search,tablet,3,33.33333333333333
2017-08-06,Direct,desktop,20,60
2017-08-06,Direct,mobile,30,93.33333333333333
2017-08-06,Direct,tablet,2,50
2017-08-06,Organic Search,desktop,34,50
2017-08-06,Organic Search,mobile,33,60.60606060606061
2017-08-06,Organic Search,tablet,3,66.66666666666666
2017-08-07,Direct,desktop,94,62.76595744680851
2017-08-07,Direct,mobile,101,82.17821782178217
2017-08-07,Direct,tablet,3,100
2017-08-07,Organic Search,desktop,106,39.62264150943396
2017-08-07,Organic Search,mobile,40,57.49999999999999
2017-08-07,Organic Search,tablet,9,55.55555555555556
2017-08-08,Direct,desktop,58,48.275862068965516
2017-08-08,Direct,mobile,52,69.23076923076923
2017-08-08,Direct,tablet,3,66.66666666666666
2017-08-08,Organic Search,desktop,114,43.859649122807014
2017-08-08,Organic Search,mobile,41,53.65853658536586
2017-08-08,Organic Search,tablet,5,60
2017-08-09,Direct,desktop,43,58.139534883720934
2017-08-09,Direct,mobile,46,69.56521739130434
2017-08-09,Direct,tablet,6,50
2017-08-09,Organic Search,desktop,111,45.94594594594595
2017-08-09,Organic Search,mobile,29,55.172413793103445
2017-08-09,Organic Search,tablet,3,33.33333333333333
2017-08-10,Direct,desktop,47,59.57446808510638
2017-08-10,Direct,mobile,33,78.78787878787878
2017-08-10,Direct,tablet,2,50
2017-08-10,Organic Search,desktop,102,44.11764705882353
2017-08-10,Organic Search,mobile,17,64.70588235294117
2017-08-10,Organic Search,tablet,3,66.66666666666666
2017-08-11,Direct,desktop,44,65.9090909090909
2017-08-11,Direct,mobile,49,83.6734693877551
2017-08-11,Direct,tablet,6,66.66666666666666
2017-08-11,Organic Search,desktop,103,48.54368932038835
2017-08-11,Organic Search,mobile,30,56.666666666666664
2017-08-11,Organic Search,tablet,2,50
2017-08-12,Direct,desktop,11,63.63636363636363
2017-08-12,Direct,mobile,32,75
2017-08-12,Direct,tablet,2,0
2017-08-12,Organic Search,desktop,19,57.89473684210527
2017-08-12,Organic Search,mobile,24,79.16666666666666
2017-08-12,Organic Search,tablet,2,50
2017-08-13,Direct,desktop,14,71.42857142857143
2017-08-13,Direct,mobile,32,87.5
2017-08-13,Direct,tablet,4,50
2017-08-13,Organic Search,desktop,25,44
2017-08-13,Organic Search,mobile,30,63.33333333333333
2017-08-13,Organic Search,tablet,3,0
2017-08-14,Direct,desktop,58,72.41379310344827
2017-08-14,Direct,mobile,77,81.81818181818183
2017-08-14,Direct,tablet,4,25
2017-08-14,Organic Search,desktop,86,52.32558139534884
2017-08-14,Organic Search,mobile,43,72.09302325581395
2017-08-14,Organic Search,tablet,2,50
2017-08-15,Direct,desktop,23,56.52173913043478
2017-08-15,Direct,mobile,37,83.78378378378379
2017-08-15,Direct,tablet,3,100
2017-08-15,Organic Search,desktop,36,47.22222222222222
2017-08-15,Organic Search,mobile,34,50
2017-08-15,Organic Search,tablet,6,16.666666666666664
2017-08-16,Direct,desktop,31,51.61290322580645
2017-08-16,Direct,mobile,43,81.3953488372093
2017-08-16,Direct,tablet,2,100
2017-08-16,Organic Search,desktop,111,40.54054054054054
2017-08-16,Organic Search,mobile,33,72.72727272727273
2017-08-16,Organic Search,tablet,6,50
2017-08-17,Direct,desktop,32,59.375
2017-08-17,Direct,mobile,40,72.5
2017-08-17,Direct,tablet,2,50
2017-08-17,Organic Search,desktop,96,45.83333333333333
2017-08-17,Organic Search,mobile,25,56.00000000000001
2017-08-17,Organic Search,tablet,3,66.66666666666666
2017-08-18,Direct,desktop,24,58.333333333333336
2017-08-18,Direct,mobile,37,78.37837837837837
2017-08-18,Organic Search,desktop,73,54.794520547945204
2017-08-18,Organic Search,mobile,22,54.54545454545454
2017-08-18,Organic Search,tablet,4,25
2017-08-19,Direct,desktop,17,64.70588235294117
2017-08-19,Direct,mobile,34,73.52941176470588
2017-08-19,Direct,tablet,4,100
2017-08-19,Organic Search,desktop,33,54.54545454545454
2017-08-19,Organic Search,mobile,16,50
2017-08-19,Organic Search,tablet,2,50
2017-08-20,Direct,desktop,27,66.66666666666666
2017-08-20,Direct,mobile,39,92.3076923076923
2017-08-20,Direct,tablet,3,66.66666666666666
2017-08-20,Organic Search,desktop,34,41.17647058823529
2017-08-20,Organic Search,mobile,37,48.64864864864865
2017-08-20,Organic Search,tablet,2,0
2017-08-21,Direct,desktop,31,32.25806451612903
2017-08-21,Direct,mobile,38,73.68421052631578
2017-08-21,Direct,tablet,4,75
2017-08-21,Organic Search,desktop,104,52.88461538461539
2017-08-21,Organic Search,mobile,32,68.75
2017-08-21,Organic Search,tablet,8,50
2017-08-22,Direct,desktop,49,57.14285714285714
2017-08-22,Direct,mobile,45,80
2017-08-22,Direct,tablet,3,66.66666666666666
2017-08-22,Organic Search,desktop,115,44.34782608695652
2017-08-22,Organic Search,mobile,30,60
2017-08-22,Organic Search,tablet,4,25
2017-08-23,Direct,desktop,63,57.14285714285714
2017-08-23,Direct,mobile,35,80
2017-08-23,Direct,tablet,2,0
2017-08-23,Organic Search,desktop,135,42.22222222222222
2017-08-23,Organic Search,mobile,37,56.75675675675676
2017-08-23,Organic Search,tablet,11,54.54545454545454
2017-08-24,Direct,desktop,53,52.83018867924528
2017-08-24,Direct,mobile,44,72.72727272727273
2017-08-24,Direct,tablet,4,50
2017-08-24,Organic Search,desktop,119,39.49579831932773
2017-08-24,Organic Search,mobile,43,58.139534883720934
2017-08-24,Organic Search,tablet,7,14.285714285714285
2017-08-25,Direct,desktop,32,50
2017-08-25,Direct,mobile,38,81.57894736842105
2017-08-25,Direct,tablet,2,50
2017-08-25,Organic Search,desktop,112,44.642857142857146
2017-08-25,Organic Search,mobile,37,48.64864864864865
2017-08-25,Organic Search,tablet,2,50
2017-08-26,Direct,desktop,16,75
2017-08-26,Direct,mobile,30,86.66666666666667
2017-08-26,Direct,tablet,2,0
2017-08-26,Organic Search,desktop,35,48.57142857142857
2017-08-26,Organic Search,mobile,30,60
2017-08-26,Organic Search,tablet,8,37.5
2017-08-27,Direct,desktop,16,62.5
2017-08-27,Direct,mobile,40,75
2017-08-27,Direct,tablet,3,66.66666666666666
2017-08-27,Organic Search,desktop,54,48.148148148148145
2017-08-27,Organic Search,mobile,18,55.55555555555556
2017-08-27,Organic Search,tablet,7,57.14285714285714
2017-08-28,Direct,desktop,76,50
2017-08-28,Direct,mobile,73,84.93150684931507
2017-08-28,Direct,tablet,5,80
2017-08-28,Organic Search,desktop,173,41.040462427745666
2017-08-28,Organic Search,mobile,43,58.139534883720934
2017-08-28,Organic Search,tablet,5,60
2017-08-29,Direct,desktop,77,42.857142857142854
2017-08-29,Direct,mobile,48,72.91666666666666
2017-08-29,Direct,tablet,3,66.66666666666666
2017-08-29,Organic Search,desktop,177,44.632768361581924
2017-08-29,Organic Search,mobile,28,57.14285714285714
2017-08-29,Organic Search,tablet,6,66.66666666666666
2017-08-30,Direct,desktop,55,43.63636363636363
2017-08-30,Direct,mobile,46,78.26086956521739
2017-08-30,Direct,tablet,7,71.42857142857143
2017-08-30,Organic Search,desktop,157,41.40127388535032
2017-08-30,Organic Search,mobile,46,47.82608695652174
2017-08-30,Organic Search,tablet,5,60
2017-08-31,Direct,desktop,51,54.90196078431373
2017-08-31,Direct,mobile,41,70.73170731707317
2017-08-31,Direct,tablet,4,75
2017-08-31,Organic Search,desktop,153,37.254901960784316
2017-08-31,Organic Search,mobile,41,51.21951219512195
2017-08-31,Organic Search,tablet,9,33.33333333333333
2017-09-01,Direct,desktop,48,45.83333333333333
2017-09-01,Direct,mobile,40,62.5
2017-09-01,Direct,tablet,2,50
2017-09-01,Organic Search,desktop,163,44.171779141104295
2017-09-01,Organic Search,mobile,31,64.51612903225806
2017-09-01,Organic Search,tablet,9,33.33333333333333
2017-09-02,Direct,desktop,25,64
2017-09-02,Direct,mobile,40,72.5
2017-09-02,Direct,tablet,4,75
2017-09-02,Organic Search,desktop,45,51.11111111111111
2017-09-02,Organic Search,mobile,36,47.22222222222222
2017-09-02,Organic Search,tablet,7,28.57142857142857
2017-09-03,Direct,desktop,19,73.68421052631578
2017-09-03,Direct,mobile,35,68.57142857142857
2017-09-03,Direct,tablet,6,66.66666666666666
2017-09-03,Organic Search,desktop,50,52
2017-09-03,Organic Search,mobile,39,66.66666666666666
2017-09-03,Organic Search,tablet,9,66.66666666666666
2017-09-04,Direct,desktop,128,50.78125
2017-09-04,Direct,mobile,115,70.43478260869566
2017-09-04,Direct,tablet,11,81.81818181818183
2017-09-04,Organic Search,desktop,184,36.95652173913043
2017-09-04,Organic Search,mobile,60,55.00000000000001
2017-09-04,Organic Search,tablet,7,85.71428571428571
2017-09-05,Direct,desktop,60,48.333333333333336
2017-09-05,Direct,mobile,36,72.22222222222221
2017-09-05,Direct,tablet,6,66.66666666666666
2017-09-05,Organic Search,desktop,201,45.77114427860697
2017-09-05,Organic Search,mobile,50,56.00000000000001
2017-09-05,Organic Search,tablet,6,66.66666666666666
2017-09-06,Direct,desktop,65,38.46153846153847
2017-09-06,Direct,mobile,46,67.3913043478261
2017-09-06,Direct,tablet,6,83.33333333333334
2017-09-06,Organic Search,desktop,183,37.15846994535519
2017-09-06,Organic Search,mobile,30,53.333333333333336
2017-09-06,Organic Search,tablet,3,33.33333333333333
2017-09-07,Direct,desktop,75,36
2017-09-07,Direct,mobile,34,64.70588235294117
2017-09-07,Direct,tablet,4,75
2017-09-07,Organic Search,desktop,148,35.13513513513514
2017-09-07,Organic Search,mobile,38,39.473684210526315
2017-09-07,Organic Search,tablet,3,33.33333333333333
2017-09-08,Direct,desktop,61,39.34426229508197
2017-09-08,Direct,mobile,27,74.07407407407408
2017-09-08,Direct,tablet,4,100
2017-09-08,Organic Search,desktop,149,36.91275167785235
2017-09-08,Organic Search,mobile,32,53.125
2017-09-08,Organic Search,tablet,3,33.33333333333333
2017-09-09,Direct,desktop,16,68.75
2017-09-09,Direct,mobile,26,69.23076923076923
2017-09-09,Direct,tablet,5,60
2017-09-09,Organic Search,desktop,43,51.162790697674424
2017-09-09,Organic Search,mobile,28,57.14285714285714
2017-09-09,Organic Search,tablet,2,50
2017-09-10,Direct,desktop,18,50
2017-09-10,Direct,mobile,29,75.86206896551724
2017-09-10,Direct,tablet,5,100
2017-09-10,Organic Search,desktop,60,43.333333333333336
2017-09-10,Organic Search,mobile,34,55.88235294117647
2017-09-10,Organic Search,tablet,10,50
2017-09-11,Direct,desktop,112,52.67857142857143
2017-09-11,Direct,mobile,111,67.56756756756756
2017-09-11,Direct,tablet,3,33.33333333333333
2017-09-11,Organic Search,desktop,182,41.208791208791204
2017-09-11,Organic Search,mobile,47,59.57446808510638
2017-09-11,Organic Search,tablet,4,75
2017-09-12,Direct,desktop,80,57.49999999999999
2017-09-12,Direct,mobile,54,55.55555555555556
2017-09-12,Direct,tablet,11,100
2017-09-12,Organic Search,desktop,189,43.386243386243386
2017-09-12,Organic Search,mobile,42,71.42857142857143
2017-09-12,Organic Search,tablet,4,50
2017-09-13,Direct,desktop,77,46.75324675324675
2017-09-13,Direct,mobile,31,87.09677419354838
2017-09-13,Direct,tablet,6,83.33333333333334
2017-09-13,Organic Search,desktop,200,37.5
2017-09-13,Organic Search,mobile,35,65.71428571428571
2017-09-13,Organic Search,tablet,2,50
2017-09-14,Direct,desktop,54,59.25925925925925
2017-09-14,Direct,mobile,48,66.66666666666666
2017-09-14,Direct,tablet,5,60
2017-09-14,Organic Search,desktop,171,45.614035087719294
2017-09-14,Organic Search,mobile,45,53.333333333333336
2017-09-14,Organic Search,tablet,3,33.33333333333333
2017-09-15,Direct,desktop,55,49.09090909090909
2017-09-15,Direct,mobile,49,73.46938775510205
2017-09-15,Direct,tablet,4,100
2017-09-15,Organic Search,desktop,136,37.5
2017-09-15,Organic Search,mobile,38,65.78947368421053
2017-09-15,Organic Search,tablet,1,0
2017-09-16,Direct,desktop,25,60
2017-09-16,Direct,mobile,22,95.45454545454545
2017-09-16,Direct,tablet,3,100
2017-09-16,Organic Search,desktop,65,40
2017-09-16,Organic Search,mobile,36,61.111111111111114
2017-09-16,Organic Search,tablet,6,83.33333333333334
2017-09-17,Direct,desktop,22,68.18181818181817
2017-09-17,Direct,mobile,29,58.620689655172406
2017-09-17,Direct,tablet,3,66.66666666666666
2017-09-17,Organic Search,desktop,59,47.45762711864407
2017-09-17,Organic Search,mobile,40,77.5
2017-09-17,Organic Search,tablet,5,60
2017-09-18,Direct,desktop,89,61.79775280898876
2017-09-18,Direct,mobile,67,82.08955223880598
2017-09-18,Direct,tablet,3,33.33333333333333
2017-09-18,Organic Search,desktop,210,46.666666666666664
2017-09-18,Organic Search,mobile,56,66.07142857142857
2017-09-18,Organic Search,tablet,14,50
2017-09-19,Direct,desktop,65,41.53846153846154
2017-09-19,Direct,mobile,35,74.28571428571429
2017-09-19,Direct,tablet,3,33.33333333333333
2017-09-19,Organic Search,desktop,228,36.40350877192983
2017-09-19,Organic Search,mobile,61,63.934426229508205
2017-09-19,Organic Search,tablet,7,71.42857142857143
2017-09-20,Direct,desktop,64,48.4375
2017-09-20,Direct,mobile,25,72
2017-09-20,Direct,tablet,2,100
2017-09-20,Organic Search,desktop,176,32.38636363636363
2017-09-20,Organic Search,mobile,51,52.94117647058824
2017-09-20,Organic Search,tablet,4,50
2017-09-21,Direct,desktop,74,47.2972972972973
2017-09-21,Direct,mobile,33,78.78787878787878
2017-09-21,Direct,tablet,3,0
2017-09-21,Organic Search,desktop,192,44.27083333333333
2017-09-21,Organic Search,mobile,65,53.84615384615385
2017-09-21,Organic Search,tablet,6,50
2017-09-22,Direct,desktop,65,56.92307692307692
2017-09-22,Direct,mobile,36,63.888888888888886
2017-09-22,Direct,tablet,6,33.33333333333333
2017-09-22,Organic Search,desktop,141,43.97163120567376
2017-09-22,Organic Search,mobile,42,52.38095238095239
2017-09-22,Organic Search,tablet,7,57.14285714285714
2017-09-23,Direct,desktop,15,80
2017-09-23,Direct,mobile,20,70
2017-09-23,Direct,tablet,9,66.66666666666666
2017-09-23,Organic Search,desktop,38,57.89473684210527
2017-09-23,Organic Search,mobile,37,56.75675675675676
2017-09-23,Organic Search,tablet,7,28.57142857142857
2017-09-24,Direct,desktop,26,61.53846153846154
2017-09-24,Direct,mobile,26,53.84615384615385
2017-09-24,Organic Search,desktop,62,40.32258064516129
2017-09-24,Organic Search,mobile,47,59.57446808510638
2017-09-24,Organic Search,tablet,9,66.66666666666666
2017-09-25,Direct,desktop,118,55.932203389830505
2017-09-25,Direct,mobile,121,76.85950413223141
2017-09-25,Direct,tablet,4,100
2017-09-25,Organic Search,desktop,202,36.633663366336634
2017-09-25,Organic Search,mobile,61,54.09836065573771
2017-09-25,Organic Search,tablet,9,44.44444444444444
2017-09-26,Direct,desktop,83,53.01204819277109
2017-09-26,Direct,mobile,37,72.97297297297297
2017-09-26,Direct,tablet,2,100
2017-09-26,Organic Search,desktop,183,38.79781420765027
2017-09-26,Organic Search,mobile,40,57.49999999999999
2017-09-26,Organic Search,tablet,3,33.33333333333333
2017-09-27,Direct,desktop,72,41.66666666666667
2017-09-27,Direct,mobile,30,83.33333333333334
2017-09-27,Direct,tablet,4,50
2017-09-27,Organic Search,desktop,176,40.340909090909086
2017-09-27,Organic Search,mobile,47,61.702127659574465
2017-09-27,Organic Search,tablet,10,50
2017-09-28,Direct,desktop,56,50
2017-09-28,Direct,mobile,47,78.72340425531915
2017-09-28,Direct,tablet,1,0
2017-09-28,Organic Search,desktop,215,43.72093023255814
2017-09-28,Organic Search,mobile,43,55.81395348837209
2017-09-28,Organic Search,tablet,3,33.33333333333333
2017-09-29,Direct,desktop,47,63.829787234042556
2017-09-29,Direct,mobile,35,77.14285714285715
2017-09-29,Direct,tablet,3,33.33333333333333
2017-09-29,Organic Search,desktop,126,48.41269841269841
2017-09-29,Organic Search,mobile,52,65.38461538461539
2017-09-29,Organic Search,tablet,4,100
2017-09-30,Direct,desktop,24,54.166666666666664
2017-09-30,Direct,mobile,27,85.18518518518519
2017-09-30,Direct,tablet,1,100
2017-09-30,Organic Search,desktop,46,63.04347826086957
2017-09-30,Organic Search,mobile,31,51.61290322580645
2017-09-30,Organic Search,tablet,2,50
2017-10-01,Direct,desktop,17,64.70588235294117
2017-10-01,Direct,mobile,28,89.28571428571429
2017-10-01,Direct,tablet,3,100
2017-10-01,Organic Search,desktop,42,50
2017-10-01,Organic Search,mobile,27,70.37037037037037
2017-10-02,Direct,desktop,121,53.71900826446281
2017-10-02,Direct,mobile,90,71.11111111111111
2017-10-02,Direct,tablet,7,42.857142857142854
2017-10-02,Organic Search,desktop,182,46.15384615384615
2017-10-02,Organic Search,mobile,37,64.86486486486487
2017-10-02,Organic Search,tablet,3,66.66666666666666
2017-10-03,Direct,desktop,65,46.15384615384615
2017-10-03,Direct,mobile,45,68.88888888888889
2017-10-03,Direct,tablet,6,66.66666666666666
2017-10-03,Organic Search,desktop,159,36.477987421383645
2017-10-03,Organic Search,mobile,20,70
2017-10-03,Organic Search,tablet,2,50
2017-10-04,Direct,desktop,56,48.214285714285715
2017-10-04,Direct,mobile,22,63.63636363636363
2017-10-04,Direct,tablet,1,100
2017-10-04,Organic Search,desktop,153,40.52287581699346
2017-10-04,Organic Search,mobile,42,59.523809523809526
2017-10-04,Organic Search,tablet,2,50
2017-10-05,Direct,desktop,51,43.13725490196079
2017-10-05,Direct,mobile,33,72.72727272727273
2017-10-05,Direct,tablet,5,60
2017-10-05,Organic Search,desktop,157,40.76433121019109
2017-10-05,Organic Search,mobile,32,56.25
2017-10-05,Organic Search,tablet,4,50
2017-10-06,Direct,desktop,56,37.5
2017-10-06,Direct,mobile,40,82.5
2017-10-06,Direct,tablet,4,50
2017-10-06,Organic Search,desktop,149,36.91275167785235
2017-10-06,Organic Search,mobile,46,63.04347826086957
2017-10-06,Organic Search,tablet,4,50
2017-10-07,Direct,desktop,15,60
2017-10-07,Direct,mobile,19,68.42105263157895
2017-10-07,Organic Search,desktop,51,35.294117647058826
2017-10-07,Organic Search,mobile,36,63.888888888888886
2017-10-07,Organic Search,tablet,3,0
2017-10-08,Direct,desktop,15,60
2017-10-08,Direct,mobile,19,78.94736842105263
2017-10-08,Direct,tablet,8,50
2017-10-08,Organic Search,desktop,61,37.704918032786885
2017-10-08,Organic Search,mobile,41,53.65853658536586
2017-10-08,Organic Search,tablet,3,33.33333333333333
2017-10-09,Direct,desktop,84,60.71428571428571
2017-10-09,Direct,mobile,68,79.41176470588235
2017-10-09,Direct,tablet,5,40
2017-10-09,Organic Search,desktop,165,40
2017-10-09,Organic Search,mobile,47,61.702127659574465
2017-10-09,Organic Search,tablet,7,57.14285714285714
2017-10-10,Direct,desktop,71,39.436619718309856
2017-10-10,Direct,mobile,42,76.19047619047619
2017-10-10,Direct,tablet,3,100
2017-10-10,Organic Search,desktop,174,31.60919540229885
2017-10-10,Organic Search,mobile,34,55.88235294117647
2017-10-10,Organic Search,tablet,4,25
2017-10-11,Direct,desktop,72,55.55555555555556
2017-10-11,Direct,mobile,32,65.625
2017-10-11,Direct,tablet,1,0
2017-10-11,Organic Search,desktop,152,39.473684210526315
2017-10-11,Organic Search,mobile,30,56.666666666666664
2017-10-11,Organic Search,tablet,2,50
2017-10-12,Direct,desktop,17,52.94117647058824
2017-10-12,Direct,mobile,25,88
2017-10-12,Direct,tablet,6,83.33333333333334
2017-10-12,Organic Search,desktop,62,51.61290322580645
2017-10-12,Organic Search,mobile,33,57.57575757575758
2017-10-12,Organic Search,tablet,3,33.33333333333333
2017-10-13,Direct,desktop,45,42.22222222222222
2017-10-13,Direct,mobile,18,77.77777777777779
2017-10-13,Direct,tablet,4,50
2017-10-13,Organic Search,desktop,100,36
2017-10-13,Organic Search,mobile,29,51.724137931034484
2017-10-13,Organic Search,tablet,7,42.857142857142854
2017-10-14,Direct,desktop,15,66.66666666666666
2017-10-14,Direct,mobile,17,94.11764705882352
2017-10-14,Direct,tablet,1,0
2017-10-14,Organic Search,desktop,47,42.5531914893617
2017-10-14,Organic Search,mobile,26,53.84615384615385
2017-10-14,Organic Search,tablet,5,60
2017-10-15,Direct,desktop,24,45.83333333333333
2017-10-15,Direct,mobile,22,63.63636363636363
2017-10-15,Direct,tablet,2,0
2017-10-15,Organic Search,desktop,40,52.5
2017-10-15,Organic Search,mobile,39,58.97435897435898
2017-10-15,Organic Search,tablet,7,42.857142857142854
2017-10-16,Direct,desktop,92,45.65217391304348
2017-10-16,Direct,mobile,87,75.86206896551724
2017-10-16,Direct,tablet,5,60
2017-10-16,Organic Search,desktop,211,36.492890995260666
2017-10-16,Organic Search,mobile,37,59.45945945945946
2017-10-16,Organic Search,tablet,4,25
2017-10-17,Direct,desktop,76,50
2017-10-17,Direct,mobile,51,64.70588235294117
2017-10-17,Direct,tablet,3,0
2017-10-17,Organic Search,desktop,162,33.95061728395062
2017-10-17,Organic Search,mobile,50,62
2017-10-17,Organic Search,tablet,12,50
2017-10-18,Direct,desktop,65,46.15384615384615
2017-10-18,Direct,mobile,29,62.06896551724138
2017-10-18,Direct,tablet,1,100
2017-10-18,Organic Search,desktop,166,37.95180722891566
2017-10-18,Organic Search,mobile,44,52.27272727272727
2017-10-18,Organic Search,tablet,4,25
2017-10-19,Direct,desktop,50,52
2017-10-19,Direct,mobile,28,75
2017-10-19,Direct,tablet,3,66.66666666666666
2017-10-19,Organic Search,desktop,184,40.21739130434783
2017-10-19,Organic Search,mobile,42,71.42857142857143
2017-10-19,Organic Search,tablet,4,75
2017-10-20,Direct,desktop,63,47.61904761904761
2017-10-20,Direct,mobile,19,73.68421052631578
2017-10-20,Direct,tablet,2,100
2017-10-20,Organic Search,desktop,144,40.97222222222222
2017-10-20,Organic Search,mobile,40,47.5
2017-10-20,Organic Search,tablet,5,20
2017-10-21,Direct,desktop,17,47.05882352941176
2017-10-21,Direct,mobile,15,46.666666666666664
2017-10-21,Direct,tablet,3,100
2017-10-21,Organic Search,desktop,54,50
2017-10-21,Organic Search,mobile,37,43.24324324324324
2017-10-21,Organic Search,tablet,5,60
2017-10-22,Direct,desktop,21,57.14285714285714
2017-10-22,Direct,mobile,19,73.68421052631578
2017-10-22,Direct,tablet,1,0
2017-10-22,Organic Search,desktop,53,50.943396226415096
2017-10-22,Organic Search,mobile,40,60
2017-10-22,Organic Search,tablet,6,66.66666666666666
2017-10-23,Direct,desktop,117,54.700854700854705
2017-10-23,Direct,mobile,135,71.85185185185186
2017-10-23,Direct,tablet,6,50
2017-10-23,Organic Search,desktop,213,43.1924882629108
2017-10-23,Organic Search,mobile,64,57.8125
2017-10-23,Organic Search,tablet,6,50
2017-10-24,Direct,desktop,78,43.58974358974359
2017-10-24,Direct,mobile,40,80
2017-10-24,Direct,tablet,6,66.66666666666666
2017-10-24,Organic Search,desktop,201,42.78606965174129
2017-10-24,Organic Search,mobile,43,58.139534883720934
2017-10-24,Organic Search,tablet,4,25
2017-10-25,Direct,desktop,67,46.26865671641791
2017-10-25,Direct,mobile,46,76.08695652173914
2017-10-25,Direct,tablet,3,33.33333333333333
2017-10-25,Organic Search,desktop,178,39.325842696629216
2017-10-25,Organic Search,mobile,26,57.692307692307686
2017-10-25,Organic Search,tablet,10,40
2017-10-26,Direct,desktop,60,55.00000000000001
2017-10-26,Direct,mobile,29,75.86206896551724
2017-10-26,Direct,tablet,1,0
2017-10-26,Organic Search,desktop,164,45.73170731707317
2017-10-26,Organic Search,mobile,33,60.60606060606061
2017-10-26,Organic Search,tablet,8,50
2017-10-27,Direct,desktop,72,38.88888888888889
2017-10-27,Direct,mobile,42,66.66666666666666
2017-10-27,Direct,tablet,1,100
2017-10-27,Organic Search,desktop,178,35.95505617977528
2017-10-27,Organic Search,mobile,34,35.294117647058826
2017-10-27,Organic Search,tablet,10,60
2017-10-28,Direct,desktop,18,66.66666666666666
2017-10-28,Direct,mobile,25,76
2017-10-28,Direct,tablet,1,100
2017-10-28,Organic Search,desktop,61,47.540983606557376
2017-10-28,Organic Search,mobile,40,45
2017-10-28,Organic Search,tablet,4,50
2017-10-29,Direct,desktop,21,61.904761904761905
2017-10-29,Direct,mobile,21,61.904761904761905
2017-10-29,Direct,tablet,9,33.33333333333333
2017-10-29,Organic Search,desktop,53,50.943396226415096
2017-10-29,Organic Search,mobile,43,53.48837209302325
2017-10-29,Organic Search,tablet,5,40
2017-10-30,Direct,desktop,131,51.14503816793893
2017-10-30,Direct,mobile,104,62.5
2017-10-30,Direct,tablet,2,50
2017-10-30,Organic Search,desktop,224,46.875
2017-10-30,Organic Search,mobile,60,50
2017-10-30,Organic Search,tablet,9,55.55555555555556
2017-10-31,Direct,desktop,84,47.61904761904761
2017-10-31,Direct,mobile,20,75
2017-10-31,Direct,tablet,3,33.33333333333333
2017-10-31,Organic Search,desktop,152,41.44736842105263
2017-10-31,Organic Search,mobile,24,41.66666666666667
2017-10-31,Organic Search,tablet,3,100
2017-11-01,Direct,desktop,24,58.333333333333336
2017-11-01,Direct,mobile,28,46.42857142857143
2017-11-01,Direct,tablet,7,71.42857142857143
2017-11-01,Organic Search,desktop,67,46.26865671641791
2017-11-01,Organic Search,mobile,25,48
2017-11-01,Organic Search,tablet,9,44.44444444444444
2017-11-02,Direct,desktop,82,47.5609756097561
2017-11-02,Direct,mobile,50,64
2017-11-02,Direct,tablet,3,100
2017-11-02,Organic Search,desktop,173,36.41618497109826
2017-11-02,Organic Search,mobile,36,50
2017-11-02,Organic Search,tablet,8,87.5
2017-11-03,Direct,desktop,65,35.38461538461539
2017-11-03,Direct,mobile,43,76.74418604651163
2017-11-03,Direct,tablet,2,0
2017-11-03,Organic Search,desktop,165,40.60606060606061
2017-11-03,Organic Search,mobile,41,70.73170731707317
2017-11-03,Organic Search,tablet,2,100
2017-11-04,Direct,desktop,34,44.11764705882353
2017-11-04,Direct,mobile,21,90.47619047619048
2017-11-04,Direct,tablet,3,100
2017-11-04,Organic Search,desktop,75,49.333333333333336
2017-11-04,Organic Search,mobile,30,50
2017-11-04,Organic Search,tablet,13,76.92307692307693
2017-11-05,Direct,desktop,21,66.66666666666666
2017-11-05,Direct,mobile,16,81.25
2017-11-05,Direct,tablet,4,100
2017-11-05,Organic Search,desktop,50,48
2017-11-05,Organic Search,mobile,38,52.63157894736842
2017-11-05,Organic Search,tablet,9,66.66666666666666
2017-11-06,Direct,desktop,102,58.82352941176471
2017-11-06,Direct,mobile,77,76.62337662337663
2017-11-06,Direct,tablet,3,100
2017-11-06,Organic Search,desktop,237,50.210970464135016
2017-11-06,Organic Search,mobile,62,50
2017-11-06,Organic Search,tablet,5,40
2017-11-07,Direct,desktop,75,45.33333333333333
2017-11-07,Direct,mobile,58,77.58620689655173
2017-11-07,Direct,tablet,3,66.66666666666666
2017-11-07,Organic Search,desktop,181,44.751381215469614
2017-11-07,Organic Search,mobile,42,59.523809523809526
2017-11-07,Organic Search,tablet,5,60
2017-11-08,Direct,desktop,48,37.5
2017-11-08,Direct,mobile,20,75
2017-11-08,Direct,tablet,3,0
2017-11-08,Organic Search,desktop,171,42.69005847953216
2017-11-08,Organic Search,mobile,37,54.054054054054056
2017-11-08,Organic Search,tablet,7,57.14285714285714
2017-11-09,Direct,desktop,46,50
2017-11-09,Direct,mobile,29,68.96551724137932
2017-11-09,Direct,tablet,2,50
2017-11-09,Organic Search,desktop,103,50.48543689320388
2017-11-09,Organic Search,mobile,35,60
2017-11-09,Organic Search,tablet,7,42.857142857142854
2017-11-10,Direct,desktop,49,53.06122448979592
2017-11-10,Direct,mobile,24,54.166666666666664
2017-11-10,Direct,tablet,3,66.66666666666666
2017-11-10,Organic Search,desktop,120,39.166666666666664
2017-11-10,Organic Search,mobile,35,60
2017-11-10,Organic Search,tablet,4,25
2017-11-11,Direct,desktop,23,47.82608695652174
2017-11-11,Direct,mobile,26,73.07692307692307
2017-11-11,Direct,tablet,6,33.33333333333333
2017-11-11,Organic Search,desktop,51,41.17647058823529
2017-11-11,Organic Search,mobile,32,50
2017-11-11,Organic Search,tablet,10,50
2017-11-12,Direct,desktop,18,38.88888888888889
2017-11-12,Direct,mobile,16,75
2017-11-12,Direct,tablet,2,100
2017-11-12,Organic Search,desktop,55,52.72727272727272
2017-11-12,Organic Search,mobile,27,59.25925925925925
2017-11-12,Organic Search,tablet,2,50
2017-11-13,Direct,desktop,98,53.06122448979592
2017-11-13,Direct,mobile,112,64.28571428571429
2017-11-13,Direct,tablet,5,40
2017-11-13,Organic Search,desktop,184,45.108695652173914
2017-11-13,Organic Search,mobile,36,55.55555555555556
2017-11-13,Organic Search,tablet,5,40
2017-11-14,Direct,desktop,64,50
2017-11-14,Direct,mobile,32,78.125
2017-11-14,Organic Search,desktop,167,41.91616766467065
2017-11-14,Organic Search,mobile,38,44.73684210526316
2017-11-14,Organic Search,tablet,4,75
2017-11-15,Direct,desktop,49,38.775510204081634
2017-11-15,Direct,mobile,32,81.25
2017-11-15,Direct,tablet,1,0
2017-11-15,Organic Search,desktop,150,43.333333333333336
2017-11-15,Organic Search,mobile,56,55.35714285714286
2017-11-15,Organic Search,tablet,4,75
2017-11-16,Direct,desktop,80,43.75
2017-11-16,Direct,mobile,21,71.42857142857143
2017-11-16,Direct,tablet,4,75
2017-11-16,Organic Search,desktop,151,41.05960264900662
2017-11-16,Organic Search,mobile,47,72.3404255319149
2017-11-16,Organic Search,tablet,4,100
2017-11-17,Direct,desktop,59,37.28813559322034
2017-11-17,Direct,mobile,34,70.58823529411765
2017-11-17,Direct,tablet,2,50
2017-11-17,Organic Search,desktop,136,44.11764705882353
2017-11-17,Organic Search,mobile,54,53.70370370370371
2017-11-17,Organic Search,tablet,4,50
2017-11-18,Direct,desktop,26,46.15384615384615
2017-11-18,Direct,mobile,28,82.14285714285714
2017-11-18,Direct,tablet,2,100
2017-11-18,Organic Search,desktop,50,57.99999999999999
2017-11-18,Organic Search,mobile,38,50
2017-11-18,Organic Search,tablet,5,60
2017-11-19,Direct,desktop,8,62.5
2017-11-19,Direct,mobile,26,80.76923076923077
2017-11-19,Direct,tablet,1,0
2017-11-19,Organic Search,desktop,52,55.769230769230774
2017-11-19,Organic Search,mobile,33,60.60606060606061
2017-11-19,Organic Search,tablet,7,42.857142857142854
2017-11-20,Direct,desktop,104,45.19230769230769
2017-11-20,Direct,mobile,108,68.51851851851852
2017-11-20,Direct,tablet,2,50
2017-11-20,Organic Search,desktop,173,50.86705202312138
2017-11-20,Organic Search,mobile,36,66.66666666666666
2017-11-20,Organic Search,tablet,3,66.66666666666666
2017-11-21,Direct,desktop,69,40.57971014492754
2017-11-21,Direct,mobile,32,62.5
2017-11-21,Direct,tablet,4,25
2017-11-21,Organic Search,desktop,167,44.31137724550898
2017-11-21,Organic Search,mobile,38,60.526315789473685
2017-11-21,Organic Search,tablet,1,100
2017-11-22,Direct,desktop,47,51.06382978723404
2017-11-22,Direct,mobile,29,79.3103448275862
2017-11-22,Organic Search,desktop,132,48.484848484848484
2017-11-22,Organic Search,mobile,29,62.06896551724138
2017-11-22,Organic Search,tablet,8,87.5
2017-11-23,Direct,desktop,75,38.666666666666664
2017-11-23,Direct,mobile,31,64.51612903225806
2017-11-23,Organic Search,desktop,143,48.95104895104895
2017-11-23,Organic Search,mobile,29,51.724137931034484
2017-11-23,Organic Search,tablet,4,75
2017-11-24,Direct,desktop,44,52.27272727272727
2017-11-24,Direct,mobile,19,78.94736842105263
2017-11-24,Direct,tablet,3,66.66666666666666
2017-11-24,Organic Search,desktop,135,49.629629629629626
2017-11-24,Organic Search,mobile,32,46.875
2017-11-24,Organic Search,tablet,3,33.33333333333333
2017-11-25,Direct,desktop,19,63.1578947368421
2017-11-25,Direct,mobile,21,66.66666666666666
2017-11-25,Direct,tablet,2,100
2017-11-25,Organic Search,desktop,62,40.32258064516129
2017-11-25,Organic Search,mobile,30,36.666666666666664
2017-11-25,Organic Search,tablet,10,90
2017-11-26,Direct,desktop,19,63.1578947368421
2017-11-26,Direct,mobile,27,66.66666666666666
2017-11-26,Direct,tablet,2,50
2017-11-26,Organic Search,desktop,62,61.29032258064516
2017-11-26,Organic Search,mobile,30,56.666666666666664
2017-11-26,Organic Search,tablet,9,44.44444444444444
2017-11-27,Direct,desktop,136,37.5
2017-11-27,Direct,mobile,91,67.03296703296702
2017-11-27,Direct,tablet,6,33.33333333333333
2017-11-27,Organic Search,desktop,205,42.926829268292686
2017-11-27,Organic Search,mobile,55,56.36363636363636
2017-11-27,Organic Search,tablet,6,50
2017-11-28,Direct,desktop,50,46
2017-11-28,Direct,mobile,30,73.33333333333333
2017-11-28,Direct,tablet,3,66.66666666666666
2017-11-28,Organic Search,desktop,205,51.707317073170735
2017-11-28,Organic Search,mobile,49,65.3061224489796
2017-11-28,Organic Search,tablet,1,100
2017-11-29,Direct,desktop,50,32
2017-11-29,Direct,mobile,26,65.38461538461539
2017-11-29,Direct,tablet,4,50
2017-11-29,Organic Search,desktop,162,46.913580246913575
2017-11-29,Organic Search,mobile,47,57.446808510638306
2017-11-29,Organic Search,tablet,11,54.54545454545454
2017-11-30,Direct,desktop,63,52.38095238095239
2017-11-30,Direct,mobile,33,78.78787878787878
2017-11-30,Direct,tablet,2,50
2017-11-30,Organic Search,desktop,138,40.57971014492754
2017-11-30,Organic Search,mobile,39,48.717948717948715
2017-11-30,Organic Search,tablet,8,62.5
2017-12-01,Direct,desktop,47,48.93617021276596
2017-12-01,Direct,mobile,30,76.66666666666667
2017-12-01,Direct,tablet,2,50
2017-12-01,Organic Search,desktop,125,41.6
2017-12-01,Organic Search,mobile,34,58.82352941176471
2017-12-01,Organic Search,tablet,3,66.66666666666666
2017-12-02,Direct,desktop,17,64.70588235294117
2017-12-02,Direct,mobile,28,64.28571428571429
2017-12-02,Direct,tablet,1,100
2017-12-02,Organic Search,desktop,49,38.775510204081634
2017-12-02,Organic Search,mobile,35,54.285714285714285
2017-12-02,Organic Search,tablet,3,66.66666666666666
2017-12-03,Direct,desktop,13,38.46153846153847
2017-12-03,Direct,mobile,21,66.66666666666666
2017-12-03,Direct,tablet,2,0
2017-12-03,Organic Search,desktop,60,51.66666666666667
2017-12-03,Organic Search,mobile,29,65.51724137931035
2017-12-03,Organic Search,tablet,4,25
2017-12-04,Direct,desktop,139,43.884892086330936
2017-12-04,Direct,mobile,99,67.67676767676768
2017-12-04,Direct,tablet,2,100
2017-12-04,Organic Search,desktop,227,41.85022026431718
2017-12-04,Organic Search,mobile,55,47.27272727272727
2017-12-04,Organic Search,tablet,8,62.5
2017-12-05,Direct,desktop,77,62.33766233766234
2017-12-05,Direct,mobile,57,82.45614035087719
2017-12-05,Direct,tablet,7,85.71428571428571
2017-12-05,Organic Search,desktop,159,50.314465408805034
2017-12-05,Organic Search,mobile,30,73.33333333333333
2017-12-05,Organic Search,tablet,3,33.33333333333333
2017-12-06,Direct,desktop,20,60
2017-12-06,Direct,mobile,56,78.57142857142857
2017-12-06,Direct,tablet,4,50
2017-12-06,Organic Search,desktop,58,60.3448275862069
2017-12-06,Organic Search,mobile,34,58.82352941176471
2017-12-06,Organic Search,tablet,11,45.45454545454545
2017-12-07,Direct,desktop,36,44.44444444444444
2017-12-07,Direct,mobile,40,82.5
2017-12-07,Direct,tablet,1,100
2017-12-07,Organic Search,desktop,113,46.902654867256636
2017-12-07,Organic Search,mobile,25,36
2017-12-07,Organic Search,tablet,5,60
2017-12-08,Direct,desktop,25,60
2017-12-08,Direct,mobile,38,84.21052631578947
2017-12-08,Direct,tablet,3,33.33333333333333
2017-12-08,Organic Search,desktop,53,41.509433962264154
2017-12-08,Organic Search,mobile,24,58.333333333333336
2017-12-08,Organic Search,tablet,3,66.66666666666666
2017-12-09,Direct,desktop,22,59.09090909090909
2017-12-09,Direct,mobile,36,75
2017-12-09,Direct,tablet,1,100
2017-12-09,Organic Search,desktop,38,57.89473684210527
2017-12-09,Organic Search,mobile,25,52
2017-12-09,Organic Search,tablet,9,33.33333333333333
2017-12-10,Direct,desktop,23,56.52173913043478
2017-12-10,Direct,mobile,51,72.54901960784314
2017-12-10,Direct,tablet,3,33.33333333333333
2017-12-10,Organic Search,desktop,66,40.909090909090914
2017-12-10,Organic Search,mobile,27,55.55555555555556
2017-12-10,Organic Search,tablet,8,62.5
2017-12-11,Direct,desktop,125,58.4
2017-12-11,Direct,mobile,103,83.49514563106796
2017-12-11,Direct,tablet,6,66.66666666666666
2017-12-11,Organic Search,desktop,196,49.48979591836735
2017-12-11,Organic Search,mobile,41,70.73170731707317
2017-12-11,Organic Search,tablet,3,33.33333333333333
2017-12-12,Direct,desktop,82,42.68292682926829
2017-12-12,Direct,mobile,38,76.31578947368422
2017-12-12,Direct,tablet,10,80
2017-12-12,Organic Search,desktop,182,45.05494505494506
2017-12-12,Organic Search,mobile,48,68.75
2017-12-12,Organic Search,tablet,6,33.33333333333333
2017-12-13,Direct,desktop,55,49.09090909090909
2017-12-13,Direct,mobile,23,86.95652173913044
2017-12-13,Direct,tablet,5,80
2017-12-13,Organic Search,desktop,173,42.77456647398844
2017-12-13,Organic Search,mobile,35,57.14285714285714
2017-12-13,Organic Search,tablet,4,25
2017-12-14,Direct,desktop,61,49.18032786885246
2017-12-14,Direct,mobile,37,83.78378378378379
2017-12-14,Direct,tablet,3,100
2017-12-14,Organic Search,desktop,147,42.857142857142854
2017-12-14,Organic Search,mobile,40,60
2017-12-14,Organic Search,tablet,11,45.45454545454545
2017-12-15,Direct,desktop,36,47.22222222222222
2017-12-15,Direct,mobile,26,76.92307692307693
2017-12-15,Direct,tablet,3,66.66666666666666
2017-12-15,Organic Search,desktop,115,43.47826086956522
2017-12-15,Organic Search,mobile,32,56.25
2017-12-15,Organic Search,tablet,6,66.66666666666666
2017-12-16,Direct,desktop,19,47.368421052631575
2017-12-16,Direct,mobile,35,82.85714285714286
2017-12-16,Organic Search,desktop,57,50.877192982456144
2017-12-16,Organic Search,mobile,44,56.81818181818182
2017-12-16,Organic Search,tablet,6,66.66666666666666
2017-12-17,Direct,desktop,16,50
2017-12-17,Direct,mobile,24,70.83333333333334
2017-12-17,Direct,tablet,2,50
2017-12-17,Organic Search,desktop,72,40.27777777777778
2017-12-17,Organic Search,mobile,24,75
2017-12-17,Organic Search,tablet,4,25
2017-12-18,Direct,desktop,95,53.68421052631579
2017-12-18,Direct,mobile,79,82.27848101265823
2017-12-18,Direct,tablet,1,100
2017-12-18,Organic Search,desktop,184,42.934782608695656
2017-12-18,Organic Search,mobile,41,48.78048780487805
2017-12-18,Organic Search,tablet,5,40
2017-12-19,Direct,desktop,48,58.333333333333336
2017-12-19,Direct,mobile,31,80.64516129032258
2017-12-19,Direct,tablet,1,100
2017-12-19,Organic Search,desktop,148,45.94594594594595
2017-12-19,Organic Search,mobile,39,61.53846153846154
2017-12-19,Organic Search,tablet,4,50
2017-12-20,Direct,desktop,53,52.83018867924528
2017-12-20,Direct,mobile,31,83.87096774193549
2017-12-20,Organic Search,desktop,126,44.44444444444444
2017-12-20,Organic Search,mobile,24,58.333333333333336
2017-12-20,Organic Search,tablet,6,83.33333333333334
2017-12-21,Direct,desktop,56,53.57142857142857
2017-12-21,Direct,mobile,38,81.57894736842105
2017-12-21,Direct,tablet,1,0
2017-12-21,Organic Search,desktop,125,41.6
2017-12-21,Organic Search,mobile,24,66.66666666666666
2017-12-21,Organic Search,tablet,6,33.33333333333333
2017-12-22,Direct,desktop,35,74.28571428571429
2017-12-22,Direct,mobile,21,90.47619047619048
2017-12-22,Direct,tablet,1,100
2017-12-22,Organic Search,desktop,77,54.54545454545454
2017-12-22,Organic Search,mobile,25,56.00000000000001
2017-12-22,Organic Search,tablet,1,100
2017-12-23,Direct,desktop,17,58.82352941176471
2017-12-23,Direct,mobile,28,78.57142857142857
2017-12-23,Direct,tablet,3,100
2017-12-23,Organic Search,desktop,28,67.85714285714286
2017-12-23,Organic Search,mobile,28,57.14285714285714
2017-12-23,Organic Search,tablet,1,100
2017-12-24,Direct,desktop,32,71.875
2017-12-24,Direct,mobile,37,86.48648648648648
2017-12-24,Direct,tablet,1,100
2017-12-24,Organic Search,desktop,28,32.142857142857146
2017-12-24,Organic Search,mobile,17,47.05882352941176
2017-12-24,Organic Search,tablet,2,0
2017-12-25,Direct,desktop,21,85.71428571428571
2017-12-25,Direct,mobile,54,81.48148148148148
2017-12-25,Direct,tablet,2,100
2017-12-25,Organic Search,desktop,25,52
2017-12-25,Organic Search,mobile,26,53.84615384615385
2017-12-26,Direct,desktop,42,61.904761904761905
2017-12-26,Direct,mobile,41,75.60975609756098
2017-12-26,Direct,tablet,5,80
2017-12-26,Organic Search,desktop,146,42.465753424657535
2017-12-26,Organic Search,mobile,37,48.64864864864865
2017-12-26,Organic Search,tablet,3,66.66666666666666
2017-12-27,Direct,desktop,58,46.55172413793103
2017-12-27,Direct,mobile,31,67.74193548387096
2017-12-27,Direct,tablet,5,40
2017-12-27,Organic Search,desktop,127,40.15748031496063
2017-12-27,Organic Search,mobile,39,48.717948717948715
2017-12-27,Organic Search,tablet,5,60
2017-12-28,Direct,desktop,36,50
2017-12-28,Direct,mobile,33,72.72727272727273
2017-12-28,Direct,tablet,2,50
2017-12-28,Organic Search,desktop,106,46.22641509433962
2017-12-28,Organic Search,mobile,34,61.76470588235294
2017-12-28,Organic Search,tablet,8,25
2017-12-29,Direct,desktop,23,60.86956521739131
2017-12-29,Direct,mobile,40,55.00000000000001
2017-12-29,Direct,tablet,3,100
2017-12-29,Organic Search,desktop,99,45.45454545454545
2017-12-29,Organic Search,mobile,35,60
2017-12-29,Organic Search,tablet,7,57.14285714285714
2017-12-30,Direct,desktop,16,56.25
2017-12-30,Direct,mobile,45,80
2017-12-30,Direct,tablet,5,60
2017-12-30,Organic Search,desktop,40,47.5
2017-12-30,Organic Search,mobile,24,58.333333333333336
2017-12-30,Organic Search,tablet,2,0
2017-12-31,Direct,desktop,9,100
2017-12-31,Direct,mobile,33,90.9090909090909
2017-12-31,Direct,tablet,2,0
2017-12-31,Organic Search,desktop,23,60.86956521739131
2017-12-31,Organic Search,mobile,25,76
2017-12-31,Organic Search,tablet,6,100
2018-01-01,Direct,desktop,29,62.06896551724138
2018-01-01,Direct,mobile,98,79.59183673469387
2018-01-01,Direct,tablet,5,80
2018-01-01,Organic Search,desktop,41,43.90243902439025
2018-01-01,Organic Search,mobile,20,75
2018-01-01,Organic Search,tablet,2,0
2018-01-02,Direct,desktop,52,57.692307692307686
2018-01-02,Direct,mobile,56,87.5
2018-01-02,Direct,tablet,4,75
2018-01-02,Organic Search,desktop,151,47.682119205298015
2018-01-02,Organic Search,mobile,35,62.857142857142854
2018-01-02,Organic Search,tablet,4,100
2018-01-03,Direct,desktop,49,42.857142857142854
2018-01-03,Direct,mobile,39,84.61538461538461
2018-01-03,Direct,tablet,5,80
2018-01-03,Organic Search,desktop,145,46.89655172413793
2018-01-03,Organic Search,mobile,34,52.94117647058824
2018-01-03,Organic Search,tablet,2,50
2018-01-04,Direct,desktop,58,51.724137931034484
2018-01-04,Direct,mobile,57,84.21052631578947
2018-01-04,Direct,tablet,2,100
2018-01-04,Organic Search,desktop,117,41.02564102564102
2018-01-04,Organic Search,mobile,38,65.78947368421053
2018-01-04,Organic Search,tablet,5,40
2018-01-05,Direct,desktop,33,42.42424242424242
2018-01-05,Direct,mobile,49,77.55102040816327
2018-01-05,Direct,tablet,2,50
2018-01-05,Organic Search,desktop,116,52.58620689655172
2018-01-05,Organic Search,mobile,36,69.44444444444444
2018-01-06,Direct,desktop,20,50
2018-01-06,Direct,mobile,40,95
2018-01-06,Direct,tablet,4,100
2018-01-06,Organic Search,desktop,36,44.44444444444444
2018-01-06,Organic Search,mobile,30,70
2018-01-06,Organic Search,tablet,2,50
2018-01-07,Direct,desktop,18,50
2018-01-07,Direct,mobile,67,86.56716417910447
2018-01-07,Direct,tablet,3,66.66666666666666
2018-01-07,Organic Search,desktop,59,44.06779661016949
2018-01-07,Organic Search,mobile,32,56.25
2018-01-07,Organic Search,tablet,3,100
2018-01-08,Direct,desktop,74,62.16216216216216
2018-01-08,Direct,mobile,87,80.45977011494253
2018-01-08,Direct,tablet,6,83.33333333333334
2018-01-08,Organic Search,desktop,194,50.51546391752577
2018-01-08,Organic Search,mobile,32,50
2018-01-08,Organic Search,tablet,10,30
2018-01-09,Direct,desktop,74,54.054054054054056
2018-01-09,Direct,mobile,53,79.24528301886792
2018-01-09,Direct,tablet,4,100
2018-01-09,Organic Search,desktop,207,54.589371980676326
2018-01-09,Organic Search,mobile,38,63.1578947368421
2018-01-09,Organic Search,tablet,9,44.44444444444444
2018-01-10,Direct,desktop,62,50
2018-01-10,Direct,mobile,49,81.63265306122449
2018-01-10,Direct,tablet,7,28.57142857142857
2018-01-10,Organic Search,desktop,190,44.73684210526316
2018-01-10,Organic Search,mobile,33,69.6969696969697
2018-01-10,Organic Search,tablet,13,38.46153846153847
2018-01-11,Direct,desktop,71,50.70422535211267
2018-01-11,Direct,mobile,51,74.50980392156863
2018-01-11,Direct,tablet,2,50
2018-01-11,Organic Search,desktop,224,42.857142857142854
2018-01-11,Organic Search,mobile,56,46.42857142857143
2018-01-11,Organic Search,tablet,7,28.57142857142857
2018-01-12,Direct,desktop,88,44.31818181818182
2018-01-12,Direct,mobile,48,75
2018-01-12,Direct,tablet,11,100
2018-01-12,Organic Search,desktop,174,43.67816091954023
2018-01-12,Organic Search,mobile,52,67.3076923076923
2018-01-12,Organic Search,tablet,7,57.14285714285714
2018-01-13,Direct,desktop,25,68
2018-01-13,Direct,mobile,54,77.77777777777779
2018-01-13,Organic Search,desktop,77,53.246753246753244
2018-01-13,Organic Search,mobile,44,56.81818181818182
2018-01-13,Organic Search,tablet,7,42.857142857142854
2018-01-14,Direct,desktop,20,45
2018-01-14,Direct,mobile,75,78.66666666666666
2018-01-14,Direct,tablet,6,83.33333333333334
2018-01-14,Organic Search,desktop,71,49.29577464788733
2018-01-14,Organic Search,mobile,34,61.76470588235294
2018-01-14,Organic Search,tablet,9,11.11111111111111
2018-01-15,Direct,desktop,135,45.925925925925924
2018-01-15,Direct,mobile,164,75
2018-01-15,Direct,tablet,10,40
2018-01-15,Organic Search,desktop,259,40.92664092664093
2018-01-15,Organic Search,mobile,59,50.847457627118644
2018-01-15,Organic Search,tablet,15,53.333333333333336
2018-01-16,Direct,desktop,82,43.90243902439025
2018-01-16,Direct,mobile,71,74.64788732394366
2018-01-16,Direct,tablet,11,90.9090909090909
2018-01-16,Organic Search,desktop,216,48.61111111111111
2018-01-16,Organic Search,mobile,45,75.55555555555556
2018-01-16,Organic Search,tablet,8,62.5
2018-01-17,Direct,desktop,77,35.064935064935064
2018-01-17,Direct,mobile,69,78.26086956521739
2018-01-17,Direct,tablet,7,42.857142857142854
2018-01-17,Organic Search,desktop,192,44.27083333333333
2018-01-17,Organic Search,mobile,51,70.58823529411765
2018-01-17,Organic Search,tablet,3,33.33333333333333
2018-01-18,Direct,desktop,74,52.702702702702695
2018-01-18,Direct,mobile,40,82.5
2018-01-18,Direct,tablet,3,100
2018-01-18,Organic Search,desktop,222,46.846846846846844
2018-01-18,Organic Search,mobile,46,52.17391304347826
2018-01-18,Organic Search,tablet,4,100
2018-01-19,Direct,desktop,70,42.857142857142854
2018-01-19,Direct,mobile,72,79.16666666666666
2018-01-19,Direct,tablet,5,60
2018-01-19,Organic Search,desktop,197,44.16243654822335
2018-01-19,Organic Search,mobile,42,69.04761904761905
2018-01-19,Organic Search,tablet,8,50
2018-01-20,Direct,desktop,37,48.64864864864865
2018-01-20,Direct,mobile,54,81.48148148148148
2018-01-20,Direct,tablet,6,66.66666666666666
2018-01-20,Organic Search,desktop,87,47.12643678160919
2018-01-20,Organic Search,mobile,51,49.01960784313725
2018-01-20,Organic Search,tablet,3,0
2018-01-21,Direct,desktop,28,42.857142857142854
2018-01-21,Direct,mobile,53,84.90566037735849
2018-01-21,Direct,tablet,8,62.5
2018-01-21,Organic Search,desktop,57,45.614035087719294
2018-01-21,Organic Search,mobile,40,65
2018-01-21,Organic Search,tablet,5,0
2018-01-22,Direct,desktop,119,51.26050420168067
2018-01-22,Direct,mobile,133,75.93984962406014
2018-01-22,Direct,tablet,7,100
2018-01-22,Organic Search,desktop,250,50
2018-01-22,Organic Search,mobile,66,60.60606060606061
2018-01-22,Organic Search,tablet,8,75
2018-01-23,Direct,desktop,76,36.84210526315789
2018-01-23,Direct,mobile,61,86.88524590163934
2018-01-23,Direct,tablet,6,66.66666666666666
2018-01-23,Organic Search,desktop,255,43.92156862745098
2018-01-23,Organic Search,mobile,46,50
2018-01-23,Organic Search,tablet,10,70
2018-01-24,Direct,desktop,116,37.06896551724138
2018-01-24,Direct,mobile,84,80.95238095238095
2018-01-24,Direct,tablet,5,100
2018-01-24,Organic Search,desktop,216,46.2962962962963
2018-01-24,Organic Search,mobile,52,53.84615384615385
2018-01-24,Organic Search,tablet,13,30.76923076923077
2018-01-25,Direct,desktop,73,53.42465753424658
2018-01-25,Direct,mobile,101,84.15841584158416
2018-01-25,Direct,tablet,6,83.33333333333334
2018-01-25,Organic Search,desktop,218,51.8348623853211
2018-01-25,Organic Search,mobile,56,71.42857142857143
2018-01-25,Organic Search,tablet,8,50
2018-01-26,Direct,desktop,82,48.78048780487805
2018-01-26,Direct,mobile,60,81.66666666666667
2018-01-26,Direct,tablet,1,100
2018-01-26,Organic Search,desktop,212,47.64150943396226
2018-01-26,Organic Search,mobile,56,57.14285714285714
2018-01-26,Organic Search,tablet,7,42.857142857142854
2018-01-27,Direct,desktop,34,47.05882352941176
2018-01-27,Direct,mobile,66,69.6969696969697
2018-01-27,Direct,tablet,8,87.5
2018-01-27,Organic Search,desktop,73,43.83561643835616
2018-01-27,Organic Search,mobile,39,51.28205128205128
2018-01-27,Organic Search,tablet,4,0
2018-01-28,Direct,desktop,26,50
2018-01-28,Direct,mobile,54,74.07407407407408
2018-01-28,Direct,tablet,7,71.42857142857143
2018-01-28,Organic Search,desktop,86,41.86046511627907
2018-01-28,Organic Search,mobile,43,53.48837209302325
2018-01-28,Organic Search,tablet,7,42.857142857142854
2018-01-29,Direct,desktop,145,54.48275862068965
2018-01-29,Direct,mobile,136,68.38235294117648
2018-01-29,Direct,tablet,11,45.45454545454545
2018-01-29,Organic Search,desktop,272,40.07352941176471
2018-01-29,Organic Search,mobile,85,63.52941176470588
2018-01-29,Organic Search,tablet,6,50
2018-01-30,Direct,desktop,91,50.54945054945055
2018-01-30,Direct,mobile,68,76.47058823529412
2018-01-30,Direct,tablet,6,83.33333333333334
2018-01-30,Organic Search,desktop,245,44.08163265306123
2018-01-30,Organic Search,mobile,50,50
2018-01-30,Organic Search,tablet,3,66.66666666666666
2018-01-31,Direct,desktop,57,50.877192982456144
2018-01-31,Direct,mobile,41,68.29268292682927
2018-01-31,Direct,tablet,1,0
2018-01-31,Organic Search,desktop,203,44.827586206896555
2018-01-31,Organic Search,mobile,42,57.14285714285714
2018-01-31,Organic Search,tablet,6,16.666666666666664
2018-02-01,Direct,desktop,76,56.57894736842105
2018-02-01,Direct,mobile,60,83.33333333333334
2018-02-01,Direct,tablet,3,66.66666666666666
2018-02-01,Organic Search,desktop,202,42.07920792079208
2018-02-01,Organic Search,mobile,50,54
2018-02-01,Organic Search,tablet,11,63.63636363636363
2018-02-02,Direct,desktop,51,41.17647058823529
2018-02-02,Direct,mobile,49,81.63265306122449
2018-02-02,Direct,tablet,5,60
2018-02-02,Organic Search,desktop,187,49.73262032085562
2018-02-02,Organic Search,mobile,59,59.32203389830508
2018-02-02,Organic Search,tablet,5,60
2018-02-03,Direct,desktop,28,50
2018-02-03,Direct,mobile,42,76.19047619047619
2018-02-03,Direct,tablet,4,100
2018-02-03,Organic Search,desktop,99,51.515151515151516
2018-02-03,Organic Search,mobile,53,60.37735849056604
2018-02-03,Organic Search,tablet,5,80
2018-02-04,Direct,desktop,43,58.139534883720934
2018-02-04,Direct,mobile,47,76.59574468085107
2018-02-04,Direct,tablet,8,75
2018-02-04,Organic Search,desktop,73,46.57534246575342
2018-02-04,Organic Search,mobile,35,48.57142857142857
2018-02-04,Organic Search,tablet,5,60
2018-02-05,Direct,desktop,125,55.2
2018-02-05,Direct,mobile,120,74.16666666666667
2018-02-05,Direct,tablet,7,85.71428571428571
2018-02-05,Organic Search,desktop,248,45.16129032258064
2018-02-05,Organic Search,mobile,68,64.70588235294117
2018-02-05,Organic Search,tablet,13,61.53846153846154
2018-02-06,Direct,desktop,80,47.5
2018-02-06,Direct,mobile,57,78.94736842105263
2018-02-06,Direct,tablet,4,75
2018-02-06,Organic Search,desktop,228,47.80701754385965
2018-02-06,Organic Search,mobile,63,52.38095238095239
2018-02-06,Organic Search,tablet,3,33.33333333333333
2018-02-07,Direct,desktop,67,44.776119402985074
2018-02-07,Direct,mobile,36,69.44444444444444
2018-02-07,Direct,tablet,6,66.66666666666666
2018-02-07,Organic Search,desktop,216,40.27777777777778
2018-02-07,Organic Search,mobile,47,61.702127659574465
2018-02-07,Organic Search,tablet,6,83.33333333333334
2018-02-08,Direct,desktop,71,57.74647887323944
2018-02-08,Direct,mobile,53,69.81132075471697
2018-02-08,Direct,tablet,3,66.66666666666666
2018-02-08,Organic Search,desktop,241,46.058091286307054
2018-02-08,Organic Search,mobile,61,59.01639344262295
2018-02-08,Organic Search,tablet,8,75
2018-02-09,Direct,desktop,71,39.436619718309856
2018-02-09,Direct,mobile,35,68.57142857142857
2018-02-09,Direct,tablet,7,85.71428571428571
2018-02-09,Organic Search,desktop,201,39.800995024875625
2018-02-09,Organic Search,mobile,51,56.86274509803921
2018-02-09,Organic Search,tablet,7,14.285714285714285
2018-02-10,Direct,desktop,34,52.94117647058824
2018-02-10,Direct,mobile,53,71.69811320754717
2018-02-10,Direct,tablet,3,66.66666666666666
2018-02-10,Organic Search,desktop,82,46.34146341463415
2018-02-10,Organic Search,mobile,59,59.32203389830508
2018-02-10,Organic Search,tablet,6,50
2018-02-11,Direct,desktop,28,50
2018-02-11,Direct,mobile,44,84.0909090909091
2018-02-11,Direct,tablet,1,100
2018-02-11,Organic Search,desktop,80,46.25
2018-02-11,Organic Search,mobile,34,61.76470588235294
2018-02-11,Organic Search,tablet,8,37.5
2018-02-12,Direct,desktop,119,50.42016806722689
2018-02-12,Direct,mobile,124,70.96774193548387
2018-02-12,Direct,tablet,5,40
2018-02-12,Organic Search,desktop,271,42.066420664206646
2018-02-12,Organic Search,mobile,53,50.943396226415096
2018-02-12,Organic Search,tablet,5,40
2018-02-13,Direct,desktop,72,54.166666666666664
2018-02-13,Direct,mobile,38,73.68421052631578
2018-02-13,Direct,tablet,2,50
2018-02-13,Organic Search,desktop,215,41.86046511627907
2018-02-13,Organic Search,mobile,36,61.111111111111114
2018-02-13,Organic Search,tablet,5,80
2018-02-14,Direct,desktop,58,53.44827586206896
2018-02-14,Direct,mobile,27,62.96296296296296
2018-02-14,Direct,tablet,1,100
2018-02-14,Organic Search,desktop,207,43.96135265700483
2018-02-14,Organic Search,mobile,56,60.71428571428571
2018-02-14,Organic Search,tablet,5,60
2018-02-15,Direct,desktop,58,41.37931034482759
2018-02-15,Direct,mobile,35,74.28571428571429
2018-02-15,Direct,tablet,2,100
2018-02-15,Organic Search,desktop,227,47.136563876651984
2018-02-15,Organic Search,mobile,48,66.66666666666666
2018-02-15,Organic Search,tablet,6,50
2018-02-16,Direct,desktop,57,59.64912280701754
2018-02-16,Direct,mobile,45,86.66666666666667
2018-02-16,Direct,tablet,3,66.66666666666666
2018-02-16,Organic Search,desktop,165,49.09090909090909
2018-02-16,Organic Search,mobile,60,53.333333333333336
2018-02-16,Organic Search,tablet,6,16.666666666666664
2018-02-17,Direct,desktop,21,57.14285714285714
2018-02-17,Direct,mobile,34,70.58823529411765
2018-02-17,Direct,tablet,3,100
2018-02-17,Organic Search,desktop,82,43.90243902439025
2018-02-17,Organic Search,mobile,57,61.40350877192983
2018-02-17,Organic Search,tablet,4,75
2018-02-18,Direct,desktop,47,68.08510638297872
2018-02-18,Direct,mobile,44,68.18181818181817
2018-02-18,Direct,tablet,6,66.66666666666666
2018-02-18,Organic Search,desktop,88,50
2018-02-18,Organic Search,mobile,55,61.81818181818181
2018-02-18,Organic Search,tablet,3,33.33333333333333
2018-02-19,Direct,desktop,112,47.32142857142857
2018-02-19,Direct,mobile,115,71.30434782608695
2018-02-19,Direct,tablet,5,60
2018-02-19,Organic Search,desktop,281,39.8576512455516
2018-02-19,Organic Search,mobile,63,53.96825396825397
2018-02-19,Organic Search,tablet,3,0
2018-02-20,Direct,desktop,53,45.28301886792453
2018-02-20,Direct,mobile,57,70.17543859649122
2018-02-20,Direct,tablet,6,66.66666666666666
2018-02-20,Organic Search,desktop,261,51.724137931034484
2018-02-20,Organic Search,mobile,73,67.12328767123287
2018-02-20,Organic Search,tablet,8,62.5
2018-02-21,Direct,desktop,68,50
2018-02-21,Direct,mobile,55,76.36363636363637
2018-02-21,Direct,tablet,8,75
2018-02-21,Organic Search,desktop,240,52.083333333333336
2018-02-21,Organic Search,mobile,66,56.060606060606055
2018-02-21,Organic Search,tablet,7,71.42857142857143
2018-02-22,Direct,desktop,84,50
2018-02-22,Direct,mobile,72,73.61111111111111
2018-02-22,Direct,tablet,4,75
2018-02-22,Organic Search,desktop,235,45.53191489361702
2018-02-22,Organic Search,mobile,47,46.808510638297875
2018-02-22,Organic Search,tablet,15,33.33333333333333
2018-02-23,Direct,desktop,58,51.724137931034484
2018-02-23,Direct,mobile,53,75.47169811320755
2018-02-23,Direct,tablet,3,100
2018-02-23,Organic Search,desktop,203,43.34975369458128
2018-02-23,Organic Search,mobile,61,68.85245901639344
2018-02-23,Organic Search,tablet,6,83.33333333333334
2018-02-24,Direct,desktop,20,50
2018-02-24,Direct,mobile,49,77.55102040816327
2018-02-24,Direct,tablet,4,50
2018-02-24,Organic Search,desktop,80,45
2018-02-24,Organic Search,mobile,55,45.45454545454545
2018-02-24,Organic Search,tablet,8,37.5
2018-02-25,Direct,desktop,23,47.82608695652174
2018-02-25,Direct,mobile,53,67.9245283018868
2018-02-25,Direct,tablet,4,75
2018-02-25,Organic Search,desktop,85,62.35294117647059
2018-02-25,Organic Search,mobile,43,46.51162790697674
2018-02-25,Organic Search,tablet,7,14.285714285714285
2018-02-26,Direct,desktop,119,56.30252100840336
2018-02-26,Direct,mobile,111,70.27027027027027
2018-02-26,Direct,tablet,4,50
2018-02-26,Organic Search,desktop,313,43.45047923322684
2018-02-26,Organic Search,mobile,123,67.47967479674797
2018-02-26,Organic Search,tablet,11,63.63636363636363
2018-02-27,Direct,desktop,65,38.46153846153847
2018-02-27,Direct,mobile,45,77.77777777777779
2018-02-27,Direct,tablet,4,75
2018-02-27,Organic Search,desktop,272,42.64705882352941
2018-02-27,Organic Search,mobile,50,57.99999999999999
2018-02-27,Organic Search,tablet,5,80
2018-02-28,Direct,desktop,66,48.484848484848484
2018-02-28,Direct,mobile,48,79.16666666666666
2018-02-28,Direct,tablet,3,66.66666666666666
2018-02-28,Organic Search,desktop,248,44.75806451612903
2018-02-28,Organic Search,mobile,59,69.49152542372882
2018-02-28,Organic Search,tablet,5,40
2018-03-01,Direct,desktop,91,52.74725274725275
2018-03-01,Direct,mobile,59,84.7457627118644
2018-03-01,Direct,tablet,4,75
2018-03-01,Organic Search,desktop,237,49.789029535864984
2018-03-01,Organic Search,mobile,64,59.375
2018-03-01,Organic Search,tablet,7,42.857142857142854
